0;0;-0.380251;0.760502;-0.380251;0;0;0;-0.380251;0.760502;-0.380251;0;0.174533;-0.174533;0;-0.523599;0;0;0;0.174533;0.174533;0;-0.523599;0;0;0;0;0;0;0
0;0.000017;-0.380251;0.760502;-0.380251;-0.000017;0;0.000017;-0.380251;0.760502;-0.380251;-0.000017;0.174533;-0.174533;0;-0.523599;0;0;0;0.174533;0.174533;0;-0.523599;0;0;0;0;0;0;0
0;0.000066;-0.380251;0.760502;-0.380251;-0.000066;0;0.000066;-0.380251;0.760502;-0.380251;-0.000066;0.174533;-0.174533;0;-0.523599;0;0;0;0.174533;0.174533;0;-0.523599;0;0;0;0;0;0;0
0;0.000149;-0.380251;0.760502;-0.380251;-0.000149;0;0.000149;-0.380251;0.760502;-0.380251;-0.000149;0.174533;-0.174533;0;-0.523599;0;0;0;0.174533;0.174533;0;-0.523599;0;0;0;0;0;0;0
0;0.000265;-0.380251;0.760502;-0.380251;-0.000265;0;0.000265;-0.380251;0.760502;-0.380251;-0.000265;0.174533;-0.174533;0;-0.523599;0;0;0;0.174533;0.174533;0;-0.523599;0;0;0;0;0;0;0
0;0.000413;-0.380251;0.760502;-0.380251;-0.000413;0;0.000413;-0.380251;0.760502;-0.380251;-0.000413;0.174533;-0.174533;0;-0.523599;0;0;0;0.174533;0.174533;0;-0.523599;0;0;0;0;0;0;0
0;0.000595;-0.380251;0.760501;-0.38025;-0.000595;0;0.000595;-0.380251;0.760501;-0.38025;-0.000595;0.174533;-0.174533;0;-0.523599;0;0;0;0.174533;0.174533;0;-0.523599;0;0;0;0;0;0;0
0;0.00081;-0.38025;0.7605;-0.38025;-0.00081;0;0.00081;-0.38025;0.7605;-0.38025;-0.00081;0.174533;-0.174533;0;-0.523599;0;0;0;0.174533;0.174533;0;-0.523599;0;0;0;0;0;0;0
0;0.001057;-0.38025;0.760499;-0.38025;-0.001057;0;0.001057;-0.38025;0.760499;-0.38025;-0.001057;0.174533;-0.174533;0;-0.523599;0;0;0;0.174533;0.174533;0;-0.523599;0;0;0;0;0;0;0
0;0.001337;-0.380249;0.760498;-0.380249;-0.001337;0;0.001337;-0.380249;0.760498;-0.380249;-0.001337;0.174533;-0.174533;0;-0.523599;0;0;0;0.174533;0.174533;0;-0.523599;0;0;0;0;0;0;0
0;0.001649;-0.380248;0.760495;-0.380248;-0.001649;0;0.001649;-0.380248;0.760495;-0.380248;-0.001649;0.174533;-0.174533;0;-0.523599;0;0;0;0.174533;0.174533;0;-0.523599;0;0;0;0;0;0;0
0;0.001994;-0.380246;0.760492;-0.380246;-0.001994;0;0.001994;-0.380246;0.760492;-0.380246;-0.001994;0.174533;-0.174533;0;-0.523599;0;0;0;0.174533;0.174533;0;-0.523599;0;0;0;0;0;0;0
0;0.002371;-0.380244;0.760488;-0.380244;-0.002371;0;0.002371;-0.380244;0.760488;-0.380244;-0.002371;0.174533;-0.174533;0;-0.523599;0;0;0;0.174533;0.174533;0;-0.523599;0;0;0;0;0;0;0
0;0.002781;-0.380241;0.760483;-0.380241;-0.002781;0;0.002781;-0.380241;0.760483;-0.380241;-0.002781;0.174533;-0.174533;0;-0.523599;0;0;0;0.174533;0.174533;0;-0.523599;0;0;0;0;0;0;0
0;0.003222;-0.380238;0.760476;-0.380238;-0.003222;0;0.003222;-0.380238;0.760476;-0.380238;-0.003222;0.174533;-0.174533;0;-0.523599;0;0;0;0.174533;0.174533;0;-0.523599;0;0;0;0;0;0;0
0;0.003695;-0.380234;0.760468;-0.380234;-0.003695;0;0.003695;-0.380234;0.760468;-0.380234;-0.003695;0.174533;-0.174533;0;-0.523599;0;0;0;0.174533;0.174533;0;-0.523599;0;0;0;0;0;0;0
0;0.004199;-0.380229;0.760458;-0.380229;-0.004199;0;0.004199;-0.380229;0.760458;-0.380229;-0.004199;0.174533;-0.174533;0;-0.523599;0;0;0;0.174533;0.174533;0;-0.523599;0;0;0;0;0;0;0
0;0.004735;-0.380223;0.760446;-0.380223;-0.004735;0;0.004735;-0.380223;0.760446;-0.380223;-0.004735;0.174533;-0.174533;0;-0.523599;0;0;0;0.174533;0.174533;0;-0.523599;0;0;0;0;0;0;0
0;0.005302;-0.380216;0.760432;-0.380216;-0.005302;0;0.005302;-0.380216;0.760432;-0.380216;-0.005302;0.174533;-0.174533;0;-0.523599;0;0;0;0.174533;0.174533;0;-0.523599;0;0;0;0;0;0;0
0;0.005899;-0.380207;0.760415;-0.380207;-0.005899;0;0.005899;-0.380207;0.760415;-0.380207;-0.005899;0.174533;-0.174533;0;-0.523599;0;0;0;0.174533;0.174533;0;-0.523599;0;0;0;0;0;0;0
0;0.006527;-0.380198;0.760395;-0.380198;-0.006527;0;0.006527;-0.380198;0.760395;-0.380198;-0.006527;0.174533;-0.174533;0;-0.523599;0;0;0;0.174533;0.174533;0;-0.523599;0;0;0;0;0;0;0
0;0.007186;-0.380186;0.760373;-0.380186;-0.007186;0;0.007186;-0.380186;0.760373;-0.380186;-0.007186;0.174533;-0.174533;0;-0.523599;0;0;0;0.174533;0.174533;0;-0.523599;0;0;0;0;0;0;0
0;0.007875;-0.380173;0.760347;-0.380173;-0.007875;0;0.007875;-0.380173;0.760347;-0.380173;-0.007875;0.174533;-0.174533;0;-0.523599;0;0;0;0.174533;0.174533;0;-0.523599;0;0;0;0;0;0;0
0;0.008593;-0.380159;0.760317;-0.380159;-0.008593;0;0.008593;-0.380159;0.760317;-0.380159;-0.008593;0.174533;-0.174533;0;-0.523599;0;0;0;0.174533;0.174533;0;-0.523599;0;0;0;0;0;0;0
0;0.009341;-0.380142;0.760284;-0.380142;-0.009341;0;0.009341;-0.380142;0.760284;-0.380142;-0.009341;0.174533;-0.174533;0;-0.523599;0;0;0;0.174533;0.174533;0;-0.523599;0;0;0;0;0;0;0
0;0.010117;-0.380123;0.760246;-0.380123;-0.010117;0;0.010117;-0.380123;0.760246;-0.380123;-0.010117;0.174533;-0.174533;0;-0.523599;0;0;0;0.174533;0.174533;0;-0.523599;0;0;0;0;0;0;0
0;0.010923;-0.380102;0.760203;-0.380102;-0.010923;0;0.010923;-0.380102;0.760203;-0.380102;-0.010923;0.174533;-0.174533;0;-0.523599;0;0;0;0.174533;0.174533;0;-0.523599;0;0;0;0;0;0;0
0;0.011757;-0.380078;0.760156;-0.380078;-0.011757;0;0.011757;-0.380078;0.760156;-0.380078;-0.011757;0.174533;-0.174533;0;-0.523599;0;0;0;0.174533;0.174533;0;-0.523599;0;0;0;0;0;0;0
0;0.012619;-0.380052;0.760103;-0.380052;-0.012619;0;0.012619;-0.380052;0.760103;-0.380052;-0.012619;0.174533;-0.174533;0;-0.523599;0;0;0;0.174533;0.174533;0;-0.523599;0;0;0;0;0;0;0
0;0.013509;-0.380023;0.760045;-0.380023;-0.013509;0;0.013509;-0.380023;0.760045;-0.380023;-0.013509;0.174533;-0.174533;0;-0.523599;0;0;0;0.174533;0.174533;0;-0.523599;0;0;0;0;0;0;0
0;0.014426;-0.379991;0.759981;-0.379991;-0.014426;0;0.014426;-0.379991;0.759981;-0.379991;-0.014426;0.174533;-0.174533;0;-0.523599;0;0;0;0.174533;0.174533;0;-0.523599;0;0;0;0;0;0;0
0;0.01537;-0.379955;0.759911;-0.379955;-0.01537;0;0.01537;-0.379955;0.759911;-0.379955;-0.01537;0.174533;-0.174533;0;-0.523599;0;0;0;0.174533;0.174533;0;-0.523599;0;0;0;0;0;0;0
0;0.01634;-0.379917;0.759834;-0.379917;-0.01634;0;0.01634;-0.379917;0.759834;-0.379917;-0.01634;0.174533;-0.174533;0;-0.523599;0;0;0;0.174533;0.174533;0;-0.523599;0;0;0;0;0;0;0
0;0.017337;-0.379875;0.75975;-0.379875;-0.017337;0;0.017337;-0.379875;0.75975;-0.379875;-0.017337;0.174533;-0.174533;0;-0.523599;0;0;0;0.174533;0.174533;0;-0.523599;0;0;0;0;0;0;0
0;0.018359;-0.379829;0.759658;-0.379829;-0.018359;0;0.018359;-0.379829;0.759658;-0.379829;-0.018359;0.174533;-0.174533;0;-0.523599;0;0;0;0.174533;0.174533;0;-0.523599;0;0;0;0;0;0;0
0;0.019406;-0.37978;0.759559;-0.379779;-0.019406;0;0.019406;-0.37978;0.759559;-0.379779;-0.019406;0.174533;-0.174533;0;-0.523599;0;0;0;0.174533;0.174533;0;-0.523599;0;0;0;0;0;0;0
0;0.020479;-0.379726;0.759452;-0.379726;-0.020479;0;0.020479;-0.379726;0.759452;-0.379726;-0.020479;0.174533;-0.174533;0;-0.523599;0;0;0;0.174533;0.174533;0;-0.523599;0;0;0;0;0;0;0
0;0.021575;-0.379668;0.759336;-0.379668;-0.021575;0;0.021575;-0.379668;0.759336;-0.379668;-0.021575;0.174533;-0.174533;0;-0.523599;0;0;0;0.174533;0.174533;0;-0.523599;0;0;0;0;0;0;0
0;0.022695;-0.379606;0.759212;-0.379606;-0.022695;0;0.022695;-0.379606;0.759212;-0.379606;-0.022695;0.174533;-0.174533;0;-0.523599;0;0;0;0.174533;0.174533;0;-0.523599;0;0;0;0;0;0;0
0;0.023839;-0.379539;0.759079;-0.379539;-0.023839;0;0.023839;-0.379539;0.759079;-0.379539;-0.023839;0.174533;-0.174533;0;-0.523599;0;0;0;0.174533;0.174533;0;-0.523599;0;0;0;0;0;0;0
0;0.025005;-0.379468;0.758936;-0.379468;-0.025005;0;0.025005;-0.379468;0.758936;-0.379468;-0.025005;0.174533;-0.174533;0;-0.523599;0;0;0;0.174533;0.174533;0;-0.523599;0;0;0;0;0;0;0
0;0.026194;-0.379392;0.758783;-0.379391;-0.026194;0;0.026194;-0.379392;0.758783;-0.379391;-0.026194;0.174533;-0.174533;0;-0.523599;0;0;0;0.174533;0.174533;0;-0.523599;0;0;0;0;0;0;0
0;0.027405;-0.37931;0.75862;-0.37931;-0.027405;0;0.027405;-0.37931;0.75862;-0.37931;-0.027405;0.174533;-0.174533;0;-0.523599;0;0;0;0.174533;0.174533;0;-0.523599;0;0;0;0;0;0;0
0;0.028637;-0.379224;0.758447;-0.379223;-0.028637;0;0.028637;-0.379224;0.758447;-0.379223;-0.028637;0.174533;-0.174533;0;-0.523599;0;0;0;0.174533;0.174533;0;-0.523599;0;0;0;0;0;0;0
0;0.02989;-0.379132;0.758263;-0.379131;-0.02989;0;0.02989;-0.379132;0.758263;-0.379131;-0.02989;0.174533;-0.174533;0;-0.523599;0;0;0;0.174533;0.174533;0;-0.523599;0;0;0;0;0;0;0
0;0.031163;-0.379034;0.758068;-0.379034;-0.031163;0;0.031163;-0.379034;0.758068;-0.379034;-0.031163;0.174533;-0.174533;0;-0.523599;0;0;0;0.174533;0.174533;0;-0.523599;0;0;0;0;0;0;0
0;0.032455;-0.378931;0.757861;-0.378931;-0.032455;0;0.032455;-0.378931;0.757861;-0.378931;-0.032455;0.174533;-0.174533;0;-0.523599;0;0;0;0.174533;0.174533;0;-0.523599;0;0;0;0;0;0;0
0;0.033767;-0.378822;0.757643;-0.378821;-0.033767;0;0.033767;-0.378822;0.757643;-0.378821;-0.033767;0.174533;-0.174533;0;-0.523599;0;0;0;0.174533;0.174533;0;-0.523599;0;0;0;0;0;0;0
0;0.035097;-0.378706;0.757413;-0.378706;-0.035097;0;0.035097;-0.378706;0.757413;-0.378706;-0.035097;0.174533;-0.174533;0;-0.523599;0;0;0;0.174533;0.174533;0;-0.523599;0;0;0;0;0;0;0
0;0.036445;-0.378585;0.75717;-0.378585;-0.036445;0;0.036445;-0.378585;0.75717;-0.378585;-0.036445;0.174533;-0.174533;0;-0.523599;0;0;0;0.174533;0.174533;0;-0.523599;0;0;0;0;0;0;0
0;0.037811;-0.378458;0.756915;-0.378457;-0.037811;0;0.037811;-0.378458;0.756915;-0.378457;-0.037811;0.174533;-0.174533;0;-0.523599;0;0;0;0.174533;0.174533;0;-0.523599;0;0;0;0;0;0;0
0;0.039193;-0.378324;0.756647;-0.378324;-0.039193;0;0.039193;-0.378324;0.756647;-0.378324;-0.039193;0.174533;-0.174533;0;-0.523599;0;0;0;0.174533;0.174533;0;-0.523599;0;0;0;0;0;0;0
0;0.040592;-0.378183;0.756366;-0.378183;-0.040592;0;0.040592;-0.378183;0.756366;-0.378183;-0.040592;0.174533;-0.174533;0;-0.523599;0;0;0;0.174533;0.174533;0;-0.523599;0;0;0;0;0;0;0
0;0.042006;-0.378036;0.756072;-0.378036;-0.042006;0;0.042006;-0.378036;0.756072;-0.378036;-0.042006;0.174533;-0.174533;0;-0.523599;0;0;0;0.174533;0.174533;0;-0.523599;0;0;0;0;0;0;0
0;0.043435;-0.377882;0.755764;-0.377882;-0.043435;0;0.043435;-0.377882;0.755764;-0.377882;-0.043435;0.174533;-0.174533;0;-0.523599;0;0;0;0.174533;0.174533;0;-0.523599;0;0;0;0;0;0;0
0;0.044878;-0.377721;0.755443;-0.377721;-0.044878;0;0.044878;-0.377721;0.755443;-0.377721;-0.044878;0.174533;-0.174533;0;-0.523599;0;0;0;0.174533;0.174533;0;-0.523599;0;0;0;0;0;0;0
0;0.046335;-0.377554;0.755108;-0.377554;-0.046335;0;0.046335;-0.377554;0.755108;-0.377554;-0.046335;0.174533;-0.174533;0;-0.523599;0;0;0;0.174533;0.174533;0;-0.523599;0;0;0;0;0;0;0
0;0.047806;-0.377379;0.754758;-0.377379;-0.047806;0;0.047806;-0.377379;0.754758;-0.377379;-0.047806;0.174533;-0.174533;0;-0.523599;0;0;0;0.174533;0.174533;0;-0.523599;0;0;0;0;0;0;0
0;0.049288;-0.377197;0.754395;-0.377197;-0.049288;0;0.049288;-0.377197;0.754395;-0.377197;-0.049288;0.174533;-0.174533;0;-0.523599;0;0;0;0.174533;0.174533;0;-0.523599;0;0;0;0;0;0;0
0;0.050783;-0.377008;0.754017;-0.377008;-0.050783;0;0.050783;-0.377008;0.754017;-0.377008;-0.050783;0.174533;-0.174533;0;-0.523599;0;0;0;0.174533;0.174533;0;-0.523599;0;0;0;0;0;0;0
0;0.052288;-0.376812;0.753624;-0.376812;-0.052288;0;0.052288;-0.376812;0.753624;-0.376812;-0.052288;0.174533;-0.174533;0;-0.523599;0;0;0;0.174533;0.174533;0;-0.523599;0;0;0;0;0;0;0
0;0.053804;-0.376609;0.753217;-0.376609;-0.053804;0;0.053804;-0.376609;0.753217;-0.376609;-0.053804;0.174533;-0.174533;0;-0.523599;0;0;0;0.174533;0.174533;0;-0.523599;0;0;0;0;0;0;0
0;0.05533;-0.376398;0.752796;-0.376398;-0.05533;0;0.05533;-0.376398;0.752796;-0.376398;-0.05533;0.174533;-0.174533;0;-0.523599;0;0;0;0.174533;0.174533;0;-0.523599;0;0;0;0;0;0;0
0;0.056865;-0.37618;0.75236;-0.37618;-0.056865;0;0.056865;-0.37618;0.75236;-0.37618;-0.056865;0.174533;-0.174533;0;-0.523599;0;0;0;0.174533;0.174533;0;-0.523599;0;0;0;0;0;0;0
0;0.058408;-0.375954;0.751908;-0.375954;-0.058408;0;0.058408;-0.375954;0.751908;-0.375954;-0.058408;0.174533;-0.174533;0;-0.523599;0;0;0;0.174533;0.174533;0;-0.523599;0;0;0;0;0;0;0
0;0.05996;-0.375721;0.751443;-0.375721;-0.05996;0;0.05996;-0.375721;0.751443;-0.375721;-0.05996;0.174533;-0.174533;0;-0.523599;0;0;0;0.174533;0.174533;0;-0.523599;0;0;0;0;0;0;0
0;0.061518;-0.375481;0.750962;-0.375481;-0.061518;0;0.061518;-0.375481;0.750962;-0.375481;-0.061518;0.174533;-0.174533;0;-0.523599;0;0;0;0.174533;0.174533;0;-0.523599;0;0;0;0;0;0;0
0;0.063083;-0.375233;0.750466;-0.375233;-0.063083;0;0.063083;-0.375233;0.750466;-0.375233;-0.063083;0.174533;-0.174533;0;-0.523599;0;0;0;0.174533;0.174533;0;-0.523599;0;0;0;0;0;0;0
0;0.064654;-0.374978;0.749956;-0.374978;-0.064654;0;0.064654;-0.374978;0.749956;-0.374978;-0.064654;0.174533;-0.174533;0;-0.523599;0;0;0;0.174533;0.174533;0;-0.523599;0;0;0;0;0;0;0
0;0.066229;-0.374716;0.749431;-0.374716;-0.066229;0;0.066229;-0.374716;0.749431;-0.374716;-0.066229;0.174533;-0.174533;0;-0.523599;0;0;0;0.174533;0.174533;0;-0.523599;0;0;0;0;0;0;0
0;0.06781;-0.374446;0.748892;-0.374446;-0.06781;0;0.06781;-0.374446;0.748892;-0.374446;-0.06781;0.174533;-0.174533;0;-0.523599;0;0;0;0.174533;0.174533;0;-0.523599;0;0;0;0;0;0;0
0;0.069394;-0.374169;0.748338;-0.374169;-0.069394;0;0.069394;-0.374169;0.748338;-0.374169;-0.069394;0.174533;-0.174533;0;-0.523599;0;0;0;0.174533;0.174533;0;-0.523599;0;0;0;0;0;0;0
0;0.070981;-0.373885;0.747769;-0.373884;-0.070981;0;0.070981;-0.373885;0.747769;-0.373884;-0.070981;0.174533;-0.174533;0;-0.523599;0;0;0;0.174533;0.174533;0;-0.523599;0;0;0;0;0;0;0
0;0.07257;-0.373593;0.747186;-0.373593;-0.07257;0;0.072573;-0.373684;0.747368;-0.373684;-0.072573;0.174533;-0.174533;0;-0.523599;0;0;0;0.174533;0.174533;0;-0.523599;0;0;0;0;0;0;0
0;0.074161;-0.373295;0.746589;-0.373295;-0.074161;0;0.074172;-0.373659;0.747318;-0.373659;-0.074172;0.174533;-0.174533;0;-0.523599;0;0;0;0.174533;0.174533;0;-0.523599;0;0;0;0;0;0;0
0;0.075753;-0.372989;0.745979;-0.372989;-0.075753;0;0.075777;-0.373809;0.747617;-0.373809;-0.075777;0.174533;-0.174533;0;-0.523599;0;0;0;0.174533;0.174533;0;-0.523599;0;0;0;0;0;0;0
0;0.077345;-0.372677;0.745354;-0.372677;-0.077345;0;0.07739;-0.374131;0.748263;-0.374131;-0.07739;0.174533;-0.174533;0;-0.523599;0;0;0;0.174533;0.174533;0;-0.523599;0;0;0;0;0;0;0
0;0.078937;-0.372358;0.744716;-0.372358;-0.078937;0;0.079008;-0.374626;0.749252;-0.374626;-0.079008;0.174533;-0.174533;0;-0.523599;0;0;0;0.174533;0.174533;0;-0.523599;0;0;0;0;0;0;0
0;0.080528;-0.372033;0.744065;-0.372032;-0.080528;0;0.080631;-0.37529;0.75058;-0.37529;-0.080631;0.174533;-0.174533;0;-0.523599;0;0;0;0.174533;0.174533;0;-0.523599;0;0;0;0;0;0;0
0;0.082117;-0.3717;0.743401;-0.3717;-0.082117;0;0.08226;-0.376121;0.752241;-0.37612;-0.08226;0.174533;-0.174533;0;-0.523599;0;0;0;0.174533;0.174533;0;-0.523599;0;0;0;0;0;0;0
0;0.083704;-0.371362;0.742724;-0.371362;-0.083704;0;0.083894;-0.377114;0.754229;-0.377114;-0.083894;0.174533;-0.174533;0;-0.523599;0;0;0;0.174533;0.174533;0;-0.523599;0;0;0;0;0;0;0
0;0.085287;-0.371017;0.742035;-0.371017;-0.085287;0;0.085531;-0.378267;0.756535;-0.378267;-0.085531;0.174533;-0.174533;0;-0.523599;0;0;0;0.174533;0.174533;0;-0.523599;0;0;0;0;0;0;0
0;0.086867;-0.370667;0.741334;-0.370667;-0.086867;0;0.087173;-0.379575;0.75915;-0.379575;-0.087173;0.174533;-0.174533;0;-0.523599;0;0;0;0.174533;0.174533;0;-0.523599;0;0;0;0;0;0;0
0;0.088442;-0.37031;0.740621;-0.37031;-0.088442;0;0.088818;-0.381032;0.762065;-0.381032;-0.088818;0.174533;-0.174533;0;-0.523599;0;0;0;0.174533;0.174533;0;-0.523599;0;0;0;0;0;0;0
0;0.090012;-0.369949;0.739897;-0.369948;-0.090012;0;0.090466;-0.382634;0.765268;-0.382634;-0.090466;0.174533;-0.174533;0;-0.523599;0;0;0;0.174533;0.174533;0;-0.523599;0;0;0;0;0;0;0
0;0.091576;-0.369581;0.739162;-0.369581;-0.091576;0;0.092116;-0.384375;0.76875;-0.384375;-0.092116;0.174533;-0.174533;0;-0.523599;0;0;0;0.174533;0.174533;0;-0.523599;0;0;0;0;0;0;0
0;0.093134;-0.369208;0.738417;-0.369208;-0.093134;0;0.093768;-0.386248;0.772496;-0.386248;-0.093768;0.174533;-0.174533;0;-0.523599;0;0;0;0.174533;0.174533;0;-0.523599;0;0;0;0;0;0;0
0;0.094684;-0.368831;0.737662;-0.368831;-0.094684;0;0.095421;-0.388248;0.776496;-0.388248;-0.095421;0.174533;-0.174533;0;-0.523599;0;0;0;0.174533;0.174533;0;-0.523599;0;0;0;0;0;0;0
0;0.096227;-0.368449;0.736897;-0.368448;-0.096227;0;0.097074;-0.390367;0.780734;-0.390367;-0.097074;0.174533;-0.174533;0;-0.523599;0;0;0;0.174533;0.174533;0;-0.523599;0;0;0;0;0;0;0
0;0.097761;-0.368062;0.736123;-0.368062;-0.097761;0;0.098728;-0.392599;0.785198;-0.392599;-0.098728;0.174533;-0.174533;0;-0.523599;0;0;0;0.174533;0.174533;0;-0.523599;0;0;0;0;0;0;0
0;0.099286;-0.367671;0.735341;-0.367671;-0.099286;0;0.100381;-0.394937;0.789873;-0.394936;-0.100381;0.174533;-0.174533;0;-0.523599;0;0;0;0.174533;0.174533;0;-0.523599;0;0;0;0;0;0;0
0;0.100801;-0.367276;0.734551;-0.367275;-0.100801;0;0.102033;-0.397372;0.794745;-0.397372;-0.102033;0.174533;-0.174533;0;-0.523599;0;0;0;0.174533;0.174533;0;-0.523599;0;0;0;0;0;0;0
0;0.102306;-0.366877;0.733753;-0.366877;-0.102306;0;0.103683;-0.399899;0.799798;-0.399899;-0.103683;0.174533;-0.174533;0;-0.523599;0;0;0;0.174533;0.174533;0;-0.523599;0;0;0;0;0;0;0
0;0.103799;-0.366475;0.732949;-0.366474;-0.103799;0;0.10533;-0.402509;0.805017;-0.402509;-0.10533;0.174533;-0.174533;0;-0.523599;0;0;0;0.174533;0.174533;0;-0.523599;0;0;0;0;0;0;0
0;0.105281;-0.366069;0.732138;-0.366069;-0.105281;0;0.106973;-0.405194;0.810388;-0.405194;-0.106973;0.174533;-0.174533;0;-0.523599;0;0;0;0.174533;0.174533;0;-0.523599;0;0;0;0;0;0;0
0;0.106751;-0.365661;0.731322;-0.365661;-0.106751;0;0.108613;-0.407948;0.815896;-0.407948;-0.108613;0.174533;-0.174533;0;-0.523599;0;0;0;0.174533;0.174533;0;-0.523599;0;0;0;0;0;0;0
0;0.108207;-0.36525;0.730501;-0.36525;-0.108207;0;0.110247;-0.410762;0.821524;-0.410762;-0.110247;0.174533;-0.174533;0;-0.523599;0;0;0;0.174533;0.174533;0;-0.523599;0;0;0;0;0;0;0
0;0.10965;-0.364838;0.729675;-0.364837;-0.10965;0;0.111876;-0.413628;0.827257;-0.413628;-0.111876;0.174533;-0.174533;0;-0.523599;0;0;0;0.174533;0.174533;0;-0.523599;0;0;0;0;0;0;0
0;0.111079;-0.364423;0.728845;-0.364423;-0.111079;0;0.113498;-0.41654;0.833081;-0.41654;-0.113498;0.174533;-0.174533;0;-0.523599;0;0;0;0.174533;0.174533;0;-0.523599;0;0;0;0;0;0;0
0;0.112492;-0.364006;0.728013;-0.364006;-0.112492;0;0.115113;-0.41949;0.838979;-0.41949;-0.115113;0.174533;-0.174533;0;-0.523599;0;0;0;0.174533;0.174533;0;-0.523599;0;0;0;0;0;0;0
0;0.113891;-0.363589;0.727178;-0.363589;-0.113891;0;0.116719;-0.422469;0.844939;-0.422469;-0.116719;0.174533;-0.174533;0;-0.523599;0;0;0;0.174533;0.174533;0;-0.523599;0;0;0;0;0;0;0
0;0.115273;-0.36317;0.726341;-0.36317;-0.115273;0;0.118316;-0.425472;0.850944;-0.425472;-0.118316;0.174533;-0.174533;0;-0.523599;0;0;0;0.174533;0.174533;0;-0.523599;0;0;0;0;0;0;0
0;0.116639;-0.362752;0.725503;-0.362752;-0.116639;0;0.119903;-0.42849;0.856979;-0.42849;-0.119903;0.174533;-0.174533;0;-0.523599;0;0;0;0.174533;0.174533;0;-0.523599;0;0;0;0;0;0;0
0;0.117988;-0.362333;0.724665;-0.362332;-0.117988;0;0.121478;-0.431516;0.863032;-0.431516;-0.121478;0.174533;-0.174533;0;-0.523599;0;0;0;0.174533;0.174533;0;-0.523599;0;0;0;0;0;0;0
0;0.119319;-0.361914;0.723827;-0.361914;-0.119319;0;0.123042;-0.434543;0.869087;-0.434543;-0.123042;0.174533;-0.174533;0;-0.523599;0;0;0;0.174533;0.174533;0;-0.523599;0;0;0;0;0;0;0
0;0.120632;-0.361495;0.722991;-0.361495;-0.120632;0;0.124592;-0.437566;0.875131;-0.437565;-0.124592;0.174533;-0.174533;0;-0.523599;0;0;0;0.174533;0.174533;0;-0.523599;0;0;0;0;0;0;0
0;0.121926;-0.361078;0.722156;-0.361078;-0.121926;0;0.126128;-0.440575;0.88115;-0.440575;-0.126128;0.174533;-0.174533;0;-0.523599;0;0;0;0.174533;0.174533;0;-0.523599;0;0;0;0;0;0;0
0;0.1232;-0.360662;0.721324;-0.360662;-0.1232;0;0.127648;-0.443566;0.887132;-0.443566;-0.127648;0.174533;-0.174533;0;-0.523599;0;0;0;0.174533;0.174533;0;-0.523599;0;0;0;0;0;0;0
0;0.124455;-0.360248;0.720495;-0.360248;-0.124455;0;0.129153;-0.446532;0.893064;-0.446532;-0.129153;0.174533;-0.174533;0;-0.523599;0;0;0;0.174533;0.174533;0;-0.523599;0;0;0;0;0;0;0
0;0.125689;-0.359836;0.719671;-0.359835;-0.125689;0;0.13064;-0.449467;0.898933;-0.449466;-0.13064;0.174533;-0.174533;0;-0.523599;0;0;0;0.174533;0.174533;0;-0.523599;0;0;0;0;0;0;0
0;0.126903;-0.359426;0.718851;-0.359426;-0.126903;0;0.132108;-0.452364;0.904727;-0.452363;-0.132108;0.174533;-0.174533;0;-0.523599;0;0;0;0.174533;0.174533;0;-0.523599;0;0;0;0;0;0;0
0;0.128094;-0.359019;0.718038;-0.359019;-0.128094;0;0.133557;-0.455218;0.910435;-0.455218;-0.133557;0.174533;-0.174533;0;-0.523599;0;0;0;0.174533;0.174533;0;-0.523599;0;0;0;0;0;0;0
0;0.129264;-0.358615;0.71723;-0.358615;-0.129264;0;0.134985;-0.458023;0.916045;-0.458023;-0.134985;0.174533;-0.174533;0;-0.523599;0;0;0;0.174533;0.174533;0;-0.523599;0;0;0;0;0;0;0
0;0.130412;-0.358215;0.71643;-0.358215;-0.130412;0;0.136391;-0.460773;0.921547;-0.460773;-0.136391;0.174533;-0.174533;0;-0.523599;0;0;0;0.174533;0.174533;0;-0.523599;0;0;0;0;0;0;0
0;0.131537;-0.357819;0.715638;-0.357819;-0.131537;0;0.137774;-0.463465;0.926929;-0.463465;-0.137774;0.174533;-0.174533;0;-0.523599;0;0;0;0.174533;0.174533;0;-0.523599;0;0;0;0;0;0;0
0;0.132638;-0.357428;0.714855;-0.357427;-0.132638;0;0.139133;-0.466091;0.932183;-0.466091;-0.139133;0.174533;-0.174533;0;-0.523599;0;0;0;0.174533;0.174533;0;-0.523599;0;0;0;0;0;0;0
0;0.133716;-0.357041;0.714081;-0.357041;-0.133716;0;0.140467;-0.468649;0.937297;-0.468648;-0.140467;0.174533;-0.174533;0;-0.523599;0;0;0;0.174533;0.174533;0;-0.523599;0;0;0;0;0;0;0
0;0.134769;-0.356659;0.713318;-0.356659;-0.134769;0;0.141774;-0.471132;0.942263;-0.471131;-0.141774;0.174533;-0.174533;0;-0.523599;0;0;0;0.174533;0.174533;0;-0.523599;0;0;0;0;0;0;0
0;0.135798;-0.356283;0.712566;-0.356283;-0.135798;0;0.143054;-0.473536;0.947072;-0.473536;-0.143054;0.174533;-0.174533;0;-0.523599;0;0;0;0.174533;0.174533;0;-0.523599;0;0;0;0;0;0;0
0;0.136802;-0.355913;0.711826;-0.355913;-0.136802;0;0.144306;-0.475857;0.951715;-0.475857;-0.144306;0.174533;-0.174533;0;-0.523599;0;0;0;0.174533;0.174533;0;-0.523599;0;0;0;0;0;0;0
0;0.13778;-0.355549;0.711099;-0.355549;-0.13778;0;0.145527;-0.478092;0.956184;-0.478092;-0.145527;0.174533;-0.174533;0;-0.523599;0;0;0;0.174533;0.174533;0;-0.523599;0;0;0;0;0;0;0
0;0.138732;-0.355192;0.710384;-0.355192;-0.138732;0;0.146718;-0.480236;0.960471;-0.480236;-0.146718;0.174533;-0.174533;0;-0.523599;0;0;0;0.174533;0.174533;0;-0.523599;0;0;0;0;0;0;0
0;0.139658;-0.354842;0.709685;-0.354842;-0.139658;0;0.147876;-0.482285;0.96457;-0.482285;-0.147876;0.174533;-0.174533;0;-0.523599;0;0;0;0.174533;0.174533;0;-0.523599;0;0;0;0;0;0;0
0;0.140557;-0.3545;0.709;-0.3545;-0.140557;0;0.149002;-0.484236;0.968472;-0.484236;-0.149002;0.174533;-0.174533;0;-0.523599;0;0;0;0.174533;0.174533;0;-0.523599;0;0;0;0;0;0;0
0;0.14143;-0.354165;0.70833;-0.354165;-0.14143;0;0.150094;-0.486086;0.972172;-0.486086;-0.150094;0.174533;-0.174533;0;-0.523599;0;0;0;0.174533;0.174533;0;-0.523599;0;0;0;0;0;0;0
0;0.142275;-0.353839;0.707677;-0.353839;-0.142275;0;0.15115;-0.487831;0.975663;-0.487831;-0.15115;0.174533;-0.174533;0;-0.523599;0;0;0;0.174533;0.174533;0;-0.523599;0;0;0;0;0;0;0
0;0.143092;-0.353521;0.707041;-0.353521;-0.143092;0;0.152171;-0.48947;0.978939;-0.48947;-0.152171;0.174533;-0.174533;0;-0.523599;0;0;0;0.174533;0.174533;0;-0.523599;0;0;0;0;0;0;0
0;0.143881;-0.353212;0.706423;-0.353211;-0.143881;0;0.153154;-0.490998;0.981996;-0.490998;-0.153154;0.174533;-0.174533;0;-0.523599;0;0;0;0.174533;0.174533;0;-0.523599;0;0;0;0;0;0;0
0;0.144642;-0.352912;0.705823;-0.352912;-0.144642;0;0.1541;-0.492414;0.984828;-0.492414;-0.1541;0.174533;-0.174533;0;-0.523599;0;0;0;0.174533;0.174533;0;-0.523599;0;0;0;0;0;0;0
0;0.145374;-0.352621;0.705242;-0.352621;-0.145374;0;0.155006;-0.493715;0.98743;-0.493715;-0.155006;0.174533;-0.174533;0;-0.523599;0;0;0;0.174533;0.174533;0;-0.523599;0;0;0;0;0;0;0
0;0.146077;-0.352341;0.704681;-0.352341;-0.146077;0;0.155873;-0.494899;0.989798;-0.494899;-0.155873;0.174533;-0.174533;0;-0.523599;0;0;0;0.174533;0.174533;0;-0.523599;0;0;0;0;0;0;0
0;0.146751;-0.35207;0.70414;-0.35207;-0.146751;0;0.1567;-0.495964;0.991928;-0.495964;-0.1567;0.174533;-0.174533;0;-0.523599;0;0;0;0.174533;0.174533;0;-0.523599;0;0;0;0;0;0;0
0;0.147396;-0.35181;0.70362;-0.35181;-0.147396;0;0.157485;-0.496909;0.993818;-0.496909;-0.157485;0.174533;-0.174533;0;-0.523599;0;0;0;0.174533;0.174533;0;-0.523599;0;0;0;0;0;0;0
0;0.14801;-0.351561;0.703122;-0.351561;-0.14801;0;0.158228;-0.497732;0.995463;-0.497732;-0.158228;0.174533;-0.174533;0;-0.523599;0;0;0;0.174533;0.174533;0;-0.523599;0;0;0;0;0;0;0
0;0.148595;-0.351323;0.702646;-0.351323;-0.148595;0;0.158929;-0.498431;0.996862;-0.498431;-0.158929;0.174533;-0.174533;0;-0.523599;0;0;0;0.174533;0.174533;0;-0.523599;0;0;0;0;0;0;0
0;0.149149;-0.351096;0.702192;-0.351096;-0.149149;0;0.159586;-0.499006;0.998011;-0.499005;-0.159586;0.174533;-0.174533;0;-0.523599;0;0;0;0.174533;0.174533;0;-0.523599;0;0;0;0;0;0;0
0;0.149673;-0.350881;0.701761;-0.35088;-0.149673;0;0.160199;-0.499455;0.998909;-0.499454;-0.160199;0.174533;-0.174533;0;-0.523599;0;0;0;0.174533;0.174533;0;-0.523599;0;0;0;0;0;0;0
0;0.150166;-0.350677;0.701354;-0.350677;-0.150166;0;0.160768;-0.499777;0.999554;-0.499777;-0.160768;0.174533;-0.174533;0;-0.523599;0;0;0;0.174533;0.174533;0;-0.523599;0;0;0;0;0;0;0
0;0.150628;-0.350485;0.700971;-0.350485;-0.150628;0;0.161293;-0.499973;0.999946;-0.499973;-0.161293;0.174533;-0.174533;0;-0.523599;0;0;0;0.174533;0.174533;0;-0.523599;0;0;0;0;0;0;0
0;0.15106;-0.350306;0.700612;-0.350306;-0.15106;0;0.161772;-0.500041;1.000082;-0.500041;-0.161772;0.174533;-0.174533;0;-0.523599;0;0;0;0.174533;0.174533;0;-0.523599;0;0;0;0;0;0;0
0;0.15146;-0.350139;0.700278;-0.350139;-0.15146;0;0.162205;-0.499982;0.999964;-0.499982;-0.162205;0.174533;-0.174533;0;-0.523599;0;0;0;0.174533;0.174533;0;-0.523599;0;0;0;0;0;0;0
0;0.151828;-0.349985;0.69997;-0.349985;-0.151828;0;0.162599;-0.499864;0.999728;-0.499864;-0.162599;0.174533;-0.174533;0;-0.523599;0;0;0;0.174533;0.174533;0;-0.523599;0;0;0;0;0;0;0
0;0.152165;-0.349844;0.699687;-0.349843;-0.152165;0;0.162959;-0.499756;0.999511;-0.499755;-0.162959;0.174533;-0.174533;0;-0.523599;0;0;0;0.174533;0.174533;0;-0.523599;0;0;0;0;0;0;0
0;0.15247;-0.349715;0.69943;-0.349715;-0.15247;0;0.163285;-0.499657;0.999314;-0.499657;-0.163285;0.174533;-0.174533;0;-0.523599;0;0;0;0.174533;0.174533;0;-0.523599;0;0;0;0;0;0;0
0;0.152744;-0.3496;0.699199;-0.3496;-0.152744;0;0.163578;-0.499569;0.999138;-0.499569;-0.163578;0.174533;-0.174533;0;-0.523599;0;0;0;0.174533;0.174533;0;-0.523599;0;0;0;0;0;0;0
0;0.152985;-0.349498;0.698995;-0.349497;-0.152985;0;0.163836;-0.499491;0.998982;-0.499491;-0.163836;0.174533;-0.174533;0;-0.523599;0;0;0;0.174533;0.174533;0;-0.523599;0;0;0;0;0;0;0
0;0.153195;-0.349409;0.698818;-0.349409;-0.153195;0;0.16406;-0.499423;0.998846;-0.499423;-0.16406;0.174533;-0.174533;0;-0.523599;0;0;0;0.174533;0.174533;0;-0.523599;0;0;0;0;0;0;0
0;0.153373;-0.349334;0.698667;-0.349334;-0.153373;0;0.164249;-0.499365;0.998731;-0.499365;-0.164249;0.174533;-0.174533;0;-0.523599;0;0;0;0.174533;0.174533;0;-0.523599;0;0;0;0;0;0;0
0;0.153518;-0.349272;0.698544;-0.349272;-0.153518;0;0.164404;-0.499318;0.998636;-0.499318;-0.164404;0.174533;-0.174533;0;-0.523599;0;0;0;0.174533;0.174533;0;-0.523599;0;0;0;0;0;0;0
0;0.153631;-0.349224;0.698448;-0.349224;-0.153631;0;0.164525;-0.499281;0.998563;-0.499281;-0.164525;0.174533;-0.174533;0;-0.523599;0;0;0;0.174533;0.174533;0;-0.523599;0;0;0;0;0;0;0
0;0.153712;-0.349189;0.698379;-0.349189;-0.153712;0;0.164611;-0.499255;0.99851;-0.499255;-0.164611;0.174533;-0.174533;0;-0.523599;0;0;0;0.174533;0.174533;0;-0.523599;0;0;0;0;0;0;0
0;0.15376;-0.349169;0.698338;-0.349169;-0.15376;0;0.164663;-0.499239;0.998479;-0.499239;-0.164663;0.174533;-0.174533;0;-0.523599;0;0;0;0.174533;0.174533;0;-0.523599;0;0;0;0;0;0;0
0;0.153776;-0.349162;0.698324;-0.349162;-0.153776;0;0.164681;-0.499234;0.998468;-0.499234;-0.164681;0.174533;-0.174533;0;-0.523599;0;0;0;0.174533;0.174533;0;-0.523599;0;0;0;0;0;0;0
0;0.153776;-0.349162;0.698324;-0.349162;-0.153776;0;0.164681;-0.499234;0.998468;-0.499234;-0.164681;0.174533;-0.174533;0;-0.523599;0;0;0;0.174533;0.174533;0;-0.523599;0;0;0;0;0;0;0
0;0.153776;-0.349162;0.698324;-0.349162;-0.153776;0;0.164681;-0.499234;0.998468;-0.499234;-0.164681;0.174533;-0.174533;0;-0.523599;0;0;0;0.174533;0.174533;0;-0.523599;0;0;0;0;0;0;0
0;0.153776;-0.349162;0.698324;-0.349162;-0.153776;0;0.164681;-0.499234;0.998468;-0.499234;-0.164681;0.174533;-0.174533;0;-0.523599;0;0;0;0.174533;0.174533;0;-0.523599;0;0;0;0;0;0;0
0;0.153776;-0.349162;0.698324;-0.349162;-0.153776;0;0.164681;-0.499234;0.998468;-0.499234;-0.164681;0.174533;-0.174533;0;-0.523599;0;0;0;0.174533;0.174533;0;-0.523599;0;0;0;0;0;0;0
0;0.153776;-0.349162;0.698324;-0.349162;-0.153776;0;0.164681;-0.499234;0.998468;-0.499234;-0.164681;0.174533;-0.174533;0;-0.523599;0;0;0;0.174533;0.174533;0;-0.523599;0;0;0;0;0;0;0
0;0.153776;-0.349162;0.698324;-0.349162;-0.153776;0;0.164681;-0.499234;0.998468;-0.499234;-0.164681;0.174533;-0.174533;0;-0.523599;0;0;0;0.174533;0.174533;0;-0.523599;0;0;0;0;0;0;0
0;0.153776;-0.349162;0.698324;-0.349162;-0.153776;0;0.164681;-0.499234;0.998468;-0.499234;-0.164681;0.174533;-0.174533;0;-0.523599;0;0;0;0.174533;0.174533;0;-0.523599;0;0;0;0;0;0;0
0;0.153776;-0.349162;0.698324;-0.349162;-0.153776;0;0.164681;-0.499234;0.998468;-0.499234;-0.164681;0.174533;-0.174533;0;-0.523599;0;0;0;0.174533;0.174533;0;-0.523599;0;0;0;0;0;0;0
0;0.153776;-0.349162;0.698324;-0.349162;-0.153776;0;0.164681;-0.499234;0.998468;-0.499234;-0.164681;0.174533;-0.174533;0;-0.523599;0;0;0;0.174533;0.174533;0;-0.523599;0;0;0;0;0;0;0
0;0.153776;-0.349162;0.698324;-0.349162;-0.153776;0;0.164681;-0.499234;0.998468;-0.499234;-0.164681;0.174533;-0.174533;0;-0.523599;0;0;0;0.174533;0.174533;0;-0.523599;0;0;0;0;0;0;0
0;0.153776;-0.349162;0.698324;-0.349162;-0.153776;0;0.164681;-0.499234;0.998468;-0.499234;-0.164681;0.174533;-0.174533;0;-0.523599;0;0;0;0.174533;0.174533;0;-0.523599;0;0;0;0;0;0;0
0;0.153776;-0.349162;0.698324;-0.349162;-0.153776;0;0.164681;-0.499234;0.998468;-0.499234;-0.164681;0.174533;-0.174533;0;-0.523599;0;0;0;0.174533;0.174533;0;-0.523599;0;0;0;0;0;0;0
0;0.153741;-0.349177;0.698354;-0.349177;-0.153741;0;0.164635;-0.499168;0.998336;-0.499168;-0.164635;0.174533;-0.174533;0;-0.523599;0;0;0;0.174533;0.174533;0;-0.523599;0;0;0;0;0;0;0
0;0.153633;-0.349223;0.698445;-0.349223;-0.153633;0;0.1645;-0.49897;0.997941;-0.49897;-0.1645;0.174533;-0.174533;0;-0.523599;0;0;0;0.174533;0.174533;0;-0.523599;0;0;0;0;0;0;0
0;0.153455;-0.349299;0.698597;-0.349299;-0.153455;0;0.164274;-0.498641;0.997283;-0.498641;-0.164274;0.174533;-0.174533;0;-0.523599;0;0;0;0.174533;0.174533;0;-0.523599;0;0;0;0;0;0;0
0;0.153205;-0.349405;0.698809;-0.349405;-0.153205;0;0.163959;-0.498181;0.996363;-0.498181;-0.163959;0.174533;-0.174533;0;-0.523599;0;0;0;0.174533;0.174533;0;-0.523599;0;0;0;0;0;0;0
0;0.152884;-0.349541;0.699081;-0.34954;-0.152884;0;0.163554;-0.497591;0.995182;-0.497591;-0.163554;0.174533;-0.174533;0;-0.523599;0;0;0;0.174533;0.174533;0;-0.523599;0;0;0;0;0;0;0
0;0.152492;-0.349706;0.699412;-0.349706;-0.152492;0;0.163059;-0.496872;0.993744;-0.496872;-0.163059;0.174533;-0.174533;0;-0.523599;0;0;0;0.174533;0.174533;0;-0.523599;0;0;0;0;0;0;0
0;0.152029;-0.349901;0.699801;-0.349901;-0.152029;0;0.162477;-0.496025;0.99205;-0.496025;-0.162477;0.174533;-0.174533;0;-0.523599;0;0;0;0.174533;0.174533;0;-0.523599;0;0;0;0;0;0;0
0;0.151496;-0.350124;0.700248;-0.350124;-0.151496;0;0.161807;-0.495051;0.990103;-0.495051;-0.161807;0.174533;-0.174533;0;-0.523599;0;0;0;0.174533;0.174533;0;-0.523599;0;0;0;0;0;0;0
0;0.150892;-0.350376;0.700752;-0.350376;-0.150892;0;0.16105;-0.493953;0.987906;-0.493953;-0.16105;0.174533;-0.174533;0;-0.523599;0;0;0;0.174533;0.174533;0;-0.523599;0;0;0;0;0;0;0
0;0.150218;-0.350656;0.701311;-0.350656;-0.150218;0;0.160207;-0.492732;0.985463;-0.492732;-0.160207;0.174533;-0.174533;0;-0.523599;0;0;0;0.174533;0.174533;0;-0.523599;0;0;0;0;0;0;0
0;0.149474;-0.350963;0.701925;-0.350962;-0.149474;0;0.15928;-0.49139;0.982779;-0.49139;-0.15928;0.174533;-0.174533;0;-0.523599;0;0;0;0.174533;0.174533;0;-0.523599;0;0;0;0;0;0;0
0;0.148661;-0.351296;0.702592;-0.351296;-0.148661;0;0.158268;-0.489929;0.979859;-0.489929;-0.158268;0.174533;-0.174533;0;-0.523599;0;0;0;0.174533;0.174533;0;-0.523599;0;0;0;0;0;0;0
0;0.147779;-0.351655;0.70331;-0.351655;-0.147779;0;0.157174;-0.488353;0.976706;-0.488353;-0.157174;0.174533;-0.174533;0;-0.523599;0;0;0;0.174533;0.174533;0;-0.523599;0;0;0;0;0;0;0
0;0.146828;-0.352039;0.704079;-0.352039;-0.146828;0;0.155999;-0.486663;0.973327;-0.486663;-0.155999;0.174533;-0.174533;0;-0.523599;0;0;0;0.174533;0.174533;0;-0.523599;0;0;0;0;0;0;0
0;0.145809;-0.352448;0.704896;-0.352448;-0.145809;0;0.154743;-0.484864;0.969728;-0.484864;-0.154743;0.174533;-0.174533;0;-0.523599;0;0;0;0.174533;0.174533;0;-0.523599;0;0;0;0;0;0;0
0;0.144722;-0.35288;0.70576;-0.35288;-0.144722;0;0.153409;-0.482957;0.965915;-0.482957;-0.153409;0.174533;-0.174533;0;-0.523599;0;0;0;0.174533;0.174533;0;-0.523599;0;0;0;0;0;0;0
0;0.143568;-0.353334;0.706669;-0.353334;-0.143568;0;0.151998;-0.480948;0.961896;-0.480948;-0.151998;0.174533;-0.174533;0;-0.523599;0;0;0;0.174533;0.174533;0;-0.523599;0;0;0;0;0;0;0
0;0.142348;-0.35381;0.707621;-0.35381;-0.142348;0;0.150512;-0.478838;0.957677;-0.478838;-0.150512;0.174533;-0.174533;0;-0.523599;0;0;0;0.174533;0.174533;0;-0.523599;0;0;0;0;0;0;0
0;0.141061;-0.354307;0.708614;-0.354307;-0.141061;0;0.148951;-0.476633;0.953267;-0.476633;-0.148951;0.174533;-0.174533;0;-0.523599;0;0;0;0.174533;0.174533;0;-0.523599;0;0;0;0;0;0;0
0;0.139709;-0.354823;0.709646;-0.354823;-0.139709;0;0.147319;-0.474337;0.948673;-0.474337;-0.147319;0.174533;-0.174533;0;-0.523599;0;0;0;0.174533;0.174533;0;-0.523599;0;0;0;0;0;0;0
0;0.138292;-0.355357;0.710715;-0.355357;-0.138292;0;0.145616;-0.471953;0.943906;-0.471953;-0.145616;0.174533;-0.174533;0;-0.523599;0;0;0;0.174533;0.174533;0;-0.523599;0;0;0;0;0;0;0
0;0.136812;-0.355909;0.711819;-0.355909;-0.136812;0;0.143844;-0.469487;0.938973;-0.469487;-0.143844;0.174533;-0.174533;0;-0.523599;0;0;0;0.174533;0.174533;0;-0.523599;0;0;0;0;0;0;0
0;0.135268;-0.356477;0.712955;-0.356477;-0.135268;0;0.142005;-0.466943;0.933886;-0.466943;-0.142005;0.174533;-0.174533;0;-0.523599;0;0;0;0.174533;0.174533;0;-0.523599;0;0;0;0;0;0;0
0;0.133661;-0.357061;0.714121;-0.357061;-0.133661;0;0.140101;-0.464327;0.928653;-0.464326;-0.140101;0.174533;-0.174533;0;-0.523599;0;0;0;0.174533;0.174533;0;-0.523599;0;0;0;0;0;0;0
0;0.131992;-0.357658;0.715315;-0.357658;-0.131992;0;0.138133;-0.461643;0.923286;-0.461643;-0.138133;0.174533;-0.174533;0;-0.523599;0;0;0;0.174533;0.174533;0;-0.523599;0;0;0;0;0;0;0
0;0.130263;-0.358267;0.716535;-0.358267;-0.130263;0;0.136105;-0.458898;0.917796;-0.458898;-0.136105;0.174533;-0.174533;0;-0.523599;0;0;0;0.174533;0.174533;0;-0.523599;0;0;0;0;0;0;0
0;0.128473;-0.358889;0.717777;-0.358889;-0.128473;0;0.134016;-0.456097;0.912193;-0.456097;-0.134016;0.174533;-0.174533;0;-0.523599;0;0;0;0.174533;0.174533;0;-0.523599;0;0;0;0;0;0;0
0;0.126624;-0.35952;0.71904;-0.35952;-0.126624;0;0.13187;-0.453246;0.906492;-0.453246;-0.13187;0.174533;-0.174533;0;-0.523599;0;0;0;0.174533;0.174533;0;-0.523599;0;0;0;0;0;0;0
0;0.124717;-0.360161;0.720321;-0.360161;-0.124717;0;0.129668;-0.450351;0.900702;-0.450351;-0.129668;0.174533;-0.174533;0;-0.523599;0;0;0;0.174533;0.174533;0;-0.523599;0;0;0;0;0;0;0
0;0.122752;-0.360809;0.721618;-0.360809;-0.122752;0;0.127412;-0.447419;0.894839;-0.447419;-0.127412;0.174533;-0.174533;0;-0.523599;0;0;0;0.174533;0.174533;0;-0.523599;0;0;0;0;0;0;0
0;0.120731;-0.361464;0.722927;-0.361464;-0.120731;0;0.125104;-0.444457;0.888915;-0.444457;-0.125104;0.174533;-0.174533;0;-0.523599;0;0;0;0.174533;0.174533;0;-0.523599;0;0;0;0;0;0;0
0;0.118654;-0.362124;0.724247;-0.362123;-0.118654;0;0.122746;-0.441471;0.882943;-0.441471;-0.122746;0.174533;-0.174533;0;-0.523599;0;0;0;0.174533;0.174533;0;-0.523599;0;0;0;0;0;0;0
0;0.116523;-0.362787;0.725575;-0.362787;-0.116523;0;0.120339;-0.438469;0.876938;-0.438469;-0.120339;0.174533;-0.174533;0;-0.523599;0;0;0;0.174533;0.174533;0;-0.523599;0;0;0;0;0;0;0
0;0.114339;-0.363454;0.726908;-0.363454;-0.114339;0;0.117886;-0.435457;0.870914;-0.435457;-0.117886;0.174533;-0.174533;0;-0.523599;0;0;0;0.174533;0.174533;0;-0.523599;0;0;0;0;0;0;0
0;0.112103;-0.364122;0.728244;-0.364122;-0.112103;0;0.115388;-0.432443;0.864887;-0.432443;-0.115388;0.174533;-0.174533;0;-0.523599;0;0;0;0.174533;0.174533;0;-0.523599;0;0;0;0;0;0;0
0;0.109815;-0.36479;0.72958;-0.36479;-0.109815;0;0.112847;-0.429435;0.858871;-0.429435;-0.112847;0.174533;-0.174533;0;-0.523599;0;0;0;0.174533;0.174533;0;-0.523599;0;0;0;0;0;0;0
0;0.107478;-0.365457;0.730914;-0.365457;-0.107478;0;0.110265;-0.426441;0.852881;-0.426441;-0.110265;0.174533;-0.174533;0;-0.523599;0;0;0;0.174533;0.174533;0;-0.523599;0;0;0;0;0;0;0
0;0.105092;-0.366121;0.732243;-0.366121;-0.105092;0;0.107644;-0.423467;0.846934;-0.423467;-0.107644;0.174533;-0.174533;0;-0.523599;0;0;0;0.174533;0.174533;0;-0.523599;0;0;0;0;0;0;0
0;0.102658;-0.366782;0.733565;-0.366782;-0.102658;0;0.104985;-0.420523;0.841047;-0.420523;-0.104985;0.174533;-0.174533;0;-0.523599;0;0;0;0.174533;0.174533;0;-0.523599;0;0;0;0;0;0;0
0;0.100179;-0.367439;0.734877;-0.367439;-0.100179;0;0.102289;-0.417617;0.835233;-0.417617;-0.102289;0.174533;-0.174533;0;-0.523599;0;0;0;0.174533;0.174533;0;-0.523599;0;0;0;0;0;0;0
0;0.097654;-0.368089;0.736178;-0.368089;-0.097654;0;0.09956;-0.414756;0.829512;-0.414756;-0.09956;0.174533;-0.174533;0;-0.523599;0;0;0;0.174533;0.174533;0;-0.523599;0;0;0;0;0;0;0
0;0.095086;-0.368732;0.737464;-0.368732;-0.095086;0;0.096797;-0.411949;0.823898;-0.411949;-0.096797;0.174533;-0.174533;0;-0.523599;0;0;0;0.174533;0.174533;0;-0.523599;0;0;0;0;0;0;0
0;0.092476;-0.369367;0.738734;-0.369367;-0.092476;0;0.094004;-0.409204;0.818408;-0.409204;-0.094004;0.174533;-0.174533;0;-0.523599;0;0;0;0.174533;0.174533;0;-0.523599;0;0;0;0;0;0;0
0;0.089824;-0.369992;0.739984;-0.369992;-0.089824;0;0.091181;-0.40653;0.813059;-0.40653;-0.091181;0.174533;-0.174533;0;-0.523599;0;0;0;0.174533;0.174533;0;-0.523599;0;0;0;0;0;0;0
0;0.087133;-0.370607;0.741214;-0.370607;-0.087133;0;0.088329;-0.403934;0.807868;-0.403934;-0.088329;0.174533;-0.174533;0;-0.523599;0;0;0;0.174533;0.174533;0;-0.523599;0;0;0;0;0;0;0
0;0.084405;-0.37121;0.742421;-0.37121;-0.084405;0;0.085451;-0.401426;0.802851;-0.401426;-0.085451;0.174533;-0.174533;0;-0.523599;0;0;0;0.174533;0.174533;0;-0.523599;0;0;0;0;0;0;0
0;0.081639;-0.371801;0.743602;-0.371801;-0.081639;0;0.082547;-0.399012;0.798024;-0.399012;-0.082547;0.174533;-0.174533;0;-0.523599;0;0;0;0.174533;0.174533;0;-0.523599;0;0;0;0;0;0;0
0;0.078838;-0.372378;0.744756;-0.372378;-0.078838;0;0.07962;-0.396701;0.793403;-0.396701;-0.07962;0.174533;-0.174533;0;-0.523599;0;0;0;0.174533;0.174533;0;-0.523599;0;0;0;0;0;0;0
0;0.076004;-0.372941;0.745881;-0.37294;-0.076004;0;0.07667;-0.394501;0.789003;-0.394501;-0.07667;0.174533;-0.174533;0;-0.523599;0;0;0;0.174533;0.174533;0;-0.523599;0;0;0;0;0;0;0
0;0.073138;-0.373487;0.746975;-0.373487;-0.073138;0;0.073699;-0.39242;0.78484;-0.39242;-0.073699;0.174533;-0.174533;0;-0.523599;0;0;0;0.174533;0.174533;0;-0.523599;0;0;0;0;0;0;0
0;0.070241;-0.374018;0.748036;-0.374018;-0.070241;0;0.070707;-0.390465;0.780929;-0.390464;-0.070707;0.174533;-0.174533;0;-0.523599;0;0;0;0.174533;0.174533;0;-0.523599;0;0;0;0;0;0;0
0;0.067315;-0.374531;0.749062;-0.374531;-0.067315;0;0.067697;-0.388642;0.777283;-0.388642;-0.067697;0.174533;-0.174533;0;-0.523599;0;0;0;0.174533;0.174533;0;-0.523599;0;0;0;0;0;0;0
0;0.064361;-0.375026;0.750052;-0.375026;-0.064361;0;0.06467;-0.386958;0.773916;-0.386958;-0.06467;0.174533;-0.174533;0;-0.523599;0;0;0;0.174533;0.174533;0;-0.523599;0;0;0;0;0;0;0
0;0.061382;-0.375502;0.751005;-0.375502;-0.061382;0;0.061626;-0.38542;0.77084;-0.38542;-0.061626;0.174533;-0.174533;0;-0.523599;0;0;0;0.174533;0.174533;0;-0.523599;0;0;0;0;0;0;0
0;0.058378;-0.375959;0.751917;-0.375959;-0.058378;0;0.058567;-0.384034;0.768068;-0.384034;-0.058567;0.174533;-0.174533;0;-0.523599;0;0;0;0.174533;0.174533;0;-0.523599;0;0;0;0;0;0;0
0;0.055351;-0.376395;0.75279;-0.376395;-0.055351;0;0.055493;-0.382805;0.765609;-0.382805;-0.055493;0.174533;-0.174533;0;-0.523599;0;0;0;0.174533;0.174533;0;-0.523599;0;0;0;0;0;0;0
0;0.052304;-0.37681;0.75362;-0.37681;-0.052304;0;0.052407;-0.381737;0.763475;-0.381737;-0.052407;0.174533;-0.174533;0;-0.523599;0;0;0;0.174533;0.174533;0;-0.523599;0;0;0;0;0;0;0
0;0.049237;-0.377204;0.754407;-0.377204;-0.049237;0;0.049309;-0.380836;0.761672;-0.380836;-0.049309;0.174533;-0.174533;0;-0.523599;0;0;0;0.174533;0.174533;0;-0.523599;0;0;0;0;0;0;0
0;0.046153;-0.377575;0.75515;-0.377575;-0.046153;0;0.0462;-0.380105;0.760209;-0.380105;-0.0462;0.174533;-0.174533;0;-0.523599;0;0;0;0.174533;0.174533;0;-0.523599;0;0;0;0;0;0;0
0;0.043053;-0.377924;0.755848;-0.377924;-0.043053;0;0.043081;-0.379546;0.759092;-0.379546;-0.043081;0.174533;-0.174533;0;-0.523599;0;0;0;0.174533;0.174533;0;-0.523599;0;0;0;0;0;0;0
0;0.039938;-0.378249;0.756499;-0.378249;-0.039938;0;0.039953;-0.379164;0.758327;-0.379163;-0.039953;0.174533;-0.174533;0;-0.523599;0;0;0;0.174533;0.174533;0;-0.523599;0;0;0;0;0;0;0
0;0.036811;-0.378551;0.757103;-0.378551;-0.036811;0;0.036817;-0.378958;0.757916;-0.378958;-0.036817;0.174533;-0.174533;0;-0.523599;0;0;0;0.174533;0.174533;0;-0.523599;0;0;0;0;0;0;0
0;0.033674;-0.378829;0.757659;-0.378829;-0.033674;0;0.033675;-0.378931;0.757862;-0.378931;-0.033675;0.174533;-0.174533;0;-0.523599;0;0;0;0.174533;0.174533;0;-0.523599;0;0;0;0;0;0;0
0;0.030527;-0.379083;0.758166;-0.379083;-0.030527;0;0.030527;-0.379083;0.758166;-0.379083;-0.030527;0.174533;-0.174533;0;-0.523599;0;0;0;0.174533;0.174533;0;-0.523599;0;0;0;0;0;0;0
0;0.027372;-0.379312;0.758625;-0.379312;-0.027372;0;0.027372;-0.379312;0.758625;-0.379312;-0.027372;0.174533;-0.174533;0;-0.523599;0;0;0;0.174533;0.174533;0;-0.523599;0;0;0;0;0;0;0
0;0.024212;-0.379517;0.759034;-0.379517;-0.024212;0;0.024212;-0.379517;0.759034;-0.379517;-0.024212;0.174533;-0.174533;0;-0.523599;0;0;0;0.174533;0.174533;0;-0.523599;0;0;0;0;0;0;0
0;0.021049;-0.379696;0.759393;-0.379696;-0.021049;0;0.021049;-0.379696;0.759393;-0.379696;-0.021049;0.174533;-0.174533;0;-0.523599;0;0;0;0.174533;0.174533;0;-0.523599;0;0;0;0;0;0;0
0;0.017883;-0.379851;0.759701;-0.379851;-0.017883;0;0.017883;-0.379851;0.759701;-0.379851;-0.017883;0.174533;-0.174533;0;-0.523599;0;0;0;0.174533;0.174533;0;-0.523599;0;0;0;0;0;0;0
0;0.014717;-0.37998;0.75996;-0.37998;-0.014717;0;0.014717;-0.37998;0.75996;-0.37998;-0.014717;0.174533;-0.174533;0;-0.523599;0;0;0;0.174533;0.174533;0;-0.523599;0;0;0;0;0;0;0
0;0.011552;-0.380084;0.760168;-0.380084;-0.011552;0;0.011552;-0.380084;0.760168;-0.380084;-0.011552;0.174533;-0.174533;0;-0.523599;0;0;0;0.174533;0.174533;0;-0.523599;0;0;0;0;0;0;0
0;0.00839;-0.380163;0.760326;-0.380163;-0.00839;0;0.00839;-0.380163;0.760326;-0.380163;-0.00839;0.174533;-0.174533;0;-0.523599;0;0;0;0.174533;0.174533;0;-0.523599;0;0;0;0;0;0;0
0;0.005233;-0.380217;0.760433;-0.380217;-0.005233;0;0.005233;-0.380217;0.760433;-0.380217;-0.005233;0.174533;-0.174533;0;-0.523599;0;0;0;0.174533;0.174533;0;-0.523599;0;0;0;0;0;0;0
0;0.002083;-0.380347;0.760694;-0.380347;-0.002083;0;0.002083;-0.380246;0.760491;-0.380246;-0.002083;0.174533;-0.174533;0;-0.523599;0;0;0;0.174533;0.174533;0;-0.523599;0;0;0;0;0;0;0
0;-0.001059;-0.380655;0.76131;-0.380655;0.001059;0;-0.001059;-0.38025;0.760499;-0.38025;0.001059;0.174533;-0.174533;0;-0.523599;0;0;0;0.174533;0.174533;0;-0.523599;0;0;0;0;0;0;0
0;-0.004192;-0.381139;0.762279;-0.381139;0.004192;0;-0.00419;-0.380229;0.760458;-0.380229;0.00419;0.174533;-0.174533;0;-0.523599;0;0;0;0.174533;0.174533;0;-0.523599;0;0;0;0;0;0;0
0;-0.007315;-0.381799;0.763598;-0.381799;0.007315;0;-0.00731;-0.380184;0.760368;-0.380184;0.00731;0.174533;-0.174533;0;-0.523599;0;0;0;0.174533;0.174533;0;-0.523599;0;0;0;0;0;0;0
0;-0.010427;-0.382631;0.765263;-0.382631;0.010427;0;-0.010416;-0.380115;0.76023;-0.380115;0.010416;0.174533;-0.174533;0;-0.523599;0;0;0;0.174533;0.174533;0;-0.523599;0;0;0;0;0;0;0
0;-0.013527;-0.383634;0.767267;-0.383633;0.013527;0;-0.013507;-0.380023;0.760045;-0.380023;0.013507;0.174533;-0.174533;0;-0.523599;0;0;0;0.174533;0.174533;0;-0.523599;0;0;0;0;0;0;0
0;-0.016614;-0.384802;0.769605;-0.384802;0.016614;0;-0.016581;-0.379907;0.759814;-0.379907;0.016581;0.174533;-0.174533;0;-0.523599;0;0;0;0.174533;0.174533;0;-0.523599;0;0;0;0;0;0;0
0;-0.019687;-0.386133;0.772266;-0.386133;0.019687;0;-0.019636;-0.379768;0.759537;-0.379768;0.019636;0.174533;-0.174533;0;-0.523599;0;0;0;0.174533;0.174533;0;-0.523599;0;0;0;0;0;0;0
0;-0.022745;-0.387622;0.775244;-0.387622;0.022745;0;-0.022671;-0.379607;0.759215;-0.379607;0.022671;0.174533;-0.174533;0;-0.523599;0;0;0;0.174533;0.174533;0;-0.523599;0;0;0;0;0;0;0
0;-0.025786;-0.389263;0.778525;-0.389263;0.025786;0;-0.025684;-0.379425;0.758849;-0.379425;0.025684;0.174533;-0.174533;0;-0.523599;0;0;0;0.174533;0.174533;0;-0.523599;0;0;0;0;0;0;0
0;-0.028811;-0.39105;0.782101;-0.39105;0.028811;0;-0.028673;-0.379221;0.758442;-0.379221;0.028673;0.174533;-0.174533;0;-0.523599;0;0;0;0.174533;0.174533;0;-0.523599;0;0;0;0;0;0;0
0;-0.031817;-0.392979;0.785958;-0.392979;0.031817;0;-0.031637;-0.378997;0.757993;-0.378996;0.031637;0.174533;-0.174533;0;-0.523599;0;0;0;0.174533;0.174533;0;-0.523599;0;0;0;0;0;0;0
0;-0.034804;-0.395041;0.790082;-0.395041;0.034804;0;-0.034573;-0.378752;0.757504;-0.378752;0.034573;0.174533;-0.174533;0;-0.523599;0;0;0;0.174533;0.174533;0;-0.523599;0;0;0;0;0;0;0
0;-0.03777;-0.397231;0.794462;-0.397231;0.03777;0;-0.037482;-0.378489;0.756977;-0.378489;0.037482;0.174533;-0.174533;0;-0.523599;0;0;0;0.174533;0.174533;0;-0.523599;0;0;0;0;0;0;0
0;-0.040714;-0.399541;0.799082;-0.399541;0.040714;0;-0.04036;-0.378207;0.756413;-0.378207;0.04036;0.174533;-0.174533;0;-0.523599;0;0;0;0.174533;0.174533;0;-0.523599;0;0;0;0;0;0;0
0;-0.043636;-0.401964;0.803927;-0.401963;0.043636;0;-0.043206;-0.377907;0.755814;-0.377907;0.043206;0.174533;-0.174533;0;-0.523599;0;0;0;0.174533;0.174533;0;-0.523599;0;0;0;0;0;0;0
0;-0.046533;-0.404491;0.808982;-0.404491;0.046533;0;-0.046019;-0.377591;0.755181;-0.377591;0.046019;0.174533;-0.174533;0;-0.523599;0;0;0;0.174533;0.174533;0;-0.523599;0;0;0;0;0;0;0
0;-0.049404;-0.407116;0.814232;-0.407116;0.049404;0;-0.048798;-0.377258;0.754516;-0.377258;0.048798;0.174533;-0.174533;0;-0.523599;0;0;0;0.174533;0.174533;0;-0.523599;0;0;0;0;0;0;0
0;-0.052249;-0.40983;0.819659;-0.409829;0.052249;0;-0.05154;-0.376911;0.753821;-0.37691;0.05154;0.174533;-0.174533;0;-0.523599;0;0;0;0.174533;0.174533;0;-0.523599;0;0;0;0;0;0;0
0;-0.055066;-0.412624;0.825248;-0.412624;0.055066;0;-0.054244;-0.376549;0.753097;-0.376549;0.054244;0.174533;-0.174533;0;-0.523599;0;0;0;0.174533;0.174533;0;-0.523599;0;0;0;0;0;0;0
0;-0.057853;-0.415492;0.830984;-0.415492;0.057853;0;-0.056909;-0.376173;0.752347;-0.376173;0.056909;0.174533;-0.174533;0;-0.523599;0;0;0;0.174533;0.174533;0;-0.523599;0;0;0;0;0;0;0
0;-0.060609;-0.418424;0.836848;-0.418424;0.060609;0;-0.059534;-0.375786;0.751572;-0.375786;0.059534;0.174533;-0.174533;0;-0.523599;0;0;0;0.174533;0.174533;0;-0.523599;0;0;0;0;0;0;0
0;-0.063333;-0.421412;0.842825;-0.421412;0.063333;0;-0.062116;-0.375387;0.750774;-0.375387;0.062116;0.174533;-0.174533;0;-0.523599;0;0;0;0.174533;0.174533;0;-0.523599;0;0;0;0;0;0;0
0;-0.066023;-0.424449;0.848898;-0.424449;0.066023;0;-0.064656;-0.374978;0.749956;-0.374978;0.064656;0.174533;-0.174533;0;-0.523599;0;0;0;0.174533;0.174533;0;-0.523599;0;0;0;0;0;0;0
0;-0.068678;-0.427525;0.855051;-0.427525;0.068678;0;-0.06715;-0.374559;0.749118;-0.374559;0.06715;0.174533;-0.174533;0;-0.523599;0;0;0;0.174533;0.174533;0;-0.523599;0;0;0;0;0;0;0
0;-0.071296;-0.430634;0.861267;-0.430633;0.071296;0;-0.069598;-0.374132;0.748265;-0.374132;0.069598;0.174533;-0.174533;0;-0.523599;0;0;0;0.174533;0.174533;0;-0.523599;0;0;0;0;0;0;0
0;-0.073875;-0.433766;0.867531;-0.433765;0.073875;0;-0.072;-0.373699;0.747397;-0.373698;0.072;0.174533;-0.174533;0;-0.523599;0;0;0;0.174533;0.174533;0;-0.523599;0;0;0;0;0;0;0
0;-0.076414;-0.436913;0.873826;-0.436913;0.076414;0;-0.074352;-0.373258;0.746517;-0.373258;0.074352;0.174533;-0.174533;0;-0.523599;0;0;0;0.174533;0.174533;0;-0.523599;0;0;0;0;0;0;0
0;-0.078912;-0.440069;0.880138;-0.440069;0.078912;0;-0.076655;-0.372813;0.745627;-0.372813;0.076655;0.174533;-0.174533;0;-0.523599;0;0;0;0.174533;0.174533;0;-0.523599;0;0;0;0;0;0;0
0;-0.081366;-0.443225;0.88645;-0.443225;0.081366;0;-0.078906;-0.372364;0.744729;-0.372364;0.078906;0.174533;-0.174533;0;-0.523599;0;0;0;0.174533;0.174533;0;-0.523599;0;0;0;0;0;0;0
0;-0.083775;-0.446374;0.892748;-0.446374;0.083775;0;-0.081106;-0.371913;0.743825;-0.371912;0.081106;0.174533;-0.174533;0;-0.523599;0;0;0;0.174533;0.174533;0;-0.523599;0;0;0;0;0;0;0
0;-0.086137;-0.449509;0.899017;-0.449508;0.086137;0;-0.083252;-0.371459;0.742918;-0.371459;0.083252;0.174533;-0.174533;0;-0.523599;0;0;0;0.174533;0.174533;0;-0.523599;0;0;0;0;0;0;0
0;-0.088451;-0.452621;0.905243;-0.452621;0.088451;0;-0.085344;-0.371005;0.74201;-0.371005;0.085344;0.174533;-0.174533;0;-0.523599;0;0;0;0.174533;0.174533;0;-0.523599;0;0;0;0;0;0;0
0;-0.090715;-0.455706;0.911412;-0.455706;0.090715;0;-0.08738;-0.370552;0.741103;-0.370552;0.08738;0.174533;-0.174533;0;-0.523599;0;0;0;0.174533;0.174533;0;-0.523599;0;0;0;0;0;0;0
0;-0.092926;-0.458755;0.917509;-0.458755;0.092926;0;-0.089359;-0.3701;0.7402;-0.3701;0.089359;0.174533;-0.174533;0;-0.523599;0;0;0;0.174533;0.174533;0;-0.523599;0;0;0;0;0;0;0
0;-0.095084;-0.461762;0.923524;-0.461762;0.095084;0;-0.091281;-0.369651;0.739302;-0.369651;0.091281;0.174533;-0.174533;0;-0.523599;0;0;0;0.174533;0.174533;0;-0.523599;0;0;0;0;0;0;0
0;-0.097186;-0.464721;0.929441;-0.464721;0.097186;0;-0.093145;-0.369206;0.738412;-0.369206;0.093145;0.174533;-0.174533;0;-0.523599;0;0;0;0.174533;0.174533;0;-0.523599;0;0;0;0;0;0;0
0;-0.099231;-0.467625;0.93525;-0.467625;0.099231;0;-0.094949;-0.368766;0.737532;-0.368766;0.094949;0.174533;-0.174533;0;-0.523599;0;0;0;0.174533;0.174533;0;-0.523599;0;0;0;0;0;0;0
0;-0.101217;-0.470469;0.940938;-0.470469;0.101217;0;-0.096692;-0.368332;0.736664;-0.368332;0.096692;0.174533;-0.174533;0;-0.523599;0;0;0;0.174533;0.174533;0;-0.523599;0;0;0;0;0;0;0
0;-0.103142;-0.473247;0.946494;-0.473247;0.103142;0;-0.098375;-0.367905;0.73581;-0.367905;0.098375;0.174533;-0.174533;0;-0.523599;0;0;0;0.174533;0.174533;0;-0.523599;0;0;0;0;0;0;0
0;-0.105005;-0.475954;0.951907;-0.475953;0.105005;0;-0.099995;-0.367487;0.734973;-0.367486;0.099995;0.174533;-0.174533;0;-0.523599;0;0;0;0.174533;0.174533;0;-0.523599;0;0;0;0;0;0;0
0;-0.106803;-0.478583;0.957167;-0.478583;0.106803;0;-0.101552;-0.367077;0.734155;-0.367077;0.101552;0.174533;-0.174533;0;-0.523599;0;0;0;0.174533;0.174533;0;-0.523599;0;0;0;0;0;0;0
0;-0.108536;-0.481131;0.962262;-0.481131;0.108536;0;-0.103045;-0.366678;0.733357;-0.366678;0.103045;0.174533;-0.174533;0;-0.523599;0;0;0;0.174533;0.174533;0;-0.523599;0;0;0;0;0;0;0
0;-0.1102;-0.483593;0.967185;-0.483592;0.1102;0;-0.104474;-0.366291;0.732581;-0.366291;0.104474;0.174533;-0.174533;0;-0.523599;0;0;0;0.174533;0.174533;0;-0.523599;0;0;0;0;0;0;0
0;-0.111796;-0.485963;0.971925;-0.485962;0.111796;0;-0.105838;-0.365915;0.73183;-0.365915;0.105838;0.174533;-0.174533;0;-0.523599;0;0;0;0.174533;0.174533;0;-0.523599;0;0;0;0;0;0;0
0;-0.11332;-0.488237;0.976474;-0.488237;0.11332;0;-0.107136;-0.365553;0.731106;-0.365553;0.107136;0.174533;-0.174533;0;-0.523599;0;0;0;0.174533;0.174533;0;-0.523599;0;0;0;0;0;0;0
0;-0.114772;-0.490412;0.980824;-0.490412;0.114772;0;-0.108367;-0.365205;0.73041;-0.365205;0.108367;0.174533;-0.174533;0;-0.523599;0;0;0;0.174533;0.174533;0;-0.523599;0;0;0;0;0;0;0
0;-0.11615;-0.492483;0.984966;-0.492483;0.11615;0;-0.109532;-0.364872;0.729743;-0.364872;0.109532;0.174533;-0.174533;0;-0.523599;0;0;0;0.174533;0.174533;0;-0.523599;0;0;0;0;0;0;0
0;-0.117452;-0.494447;0.988894;-0.494447;0.117452;0;-0.110628;-0.364554;0.729108;-0.364554;0.110628;0.174533;-0.174533;0;-0.523599;0;0;0;0.174533;0.174533;0;-0.523599;0;0;0;0;0;0;0
0;-0.118677;-0.496301;0.992601;-0.4963;0.118677;0;-0.111656;-0.364253;0.728507;-0.364253;0.111656;0.174533;-0.174533;0;-0.523599;0;0;0;0.174533;0.174533;0;-0.523599;0;0;0;0;0;0;0
0;-0.119824;-0.49804;0.99608;-0.49804;0.119824;0;-0.112616;-0.36397;0.727939;-0.36397;0.112616;0.174533;-0.174533;0;-0.523599;0;0;0;0.174533;0.174533;0;-0.523599;0;0;0;0;0;0;0
0;-0.120892;-0.499662;0.999325;-0.499662;0.120892;0;-0.113506;-0.363704;0.727408;-0.363704;0.113506;0.174533;-0.174533;0;-0.523599;0;0;0;0.174533;0.174533;0;-0.523599;0;0;0;0;0;0;0
0;-0.121879;-0.501165;1.002331;-0.501165;0.121879;0;-0.114327;-0.363457;0.726915;-0.363457;0.114327;0.174533;-0.174533;0;-0.523599;0;0;0;0.174533;0.174533;0;-0.523599;0;0;0;0;0;0;0
0;-0.122784;-0.502546;1.005092;-0.502546;0.122784;0;-0.115078;-0.36323;0.72646;-0.36323;0.115078;0.174533;-0.174533;0;-0.523599;0;0;0;0.174533;0.174533;0;-0.523599;0;0;0;0;0;0;0
0;-0.123606;-0.503802;1.007604;-0.503802;0.123606;0;-0.115758;-0.363022;0.726045;-0.363022;0.115758;0.174533;-0.174533;0;-0.523599;0;0;0;0.174533;0.174533;0;-0.523599;0;0;0;0;0;0;0
0;-0.124344;-0.504932;1.009863;-0.504932;0.124344;0;-0.116368;-0.362835;0.72567;-0.362835;0.116368;0.174533;-0.174533;0;-0.523599;0;0;0;0.174533;0.174533;0;-0.523599;0;0;0;0;0;0;0
0;-0.124997;-0.505933;1.011865;-0.505932;0.124997;0;-0.116907;-0.362669;0.725338;-0.362669;0.116907;0.174533;-0.174533;0;-0.523599;0;0;0;0.174533;0.174533;0;-0.523599;0;0;0;0;0;0;0
0;-0.125565;-0.506804;1.013607;-0.506803;0.125565;0;-0.117374;-0.362524;0.725048;-0.362524;0.117374;0.174533;-0.174533;0;-0.523599;0;0;0;0.174533;0.174533;0;-0.523599;0;0;0;0;0;0;0
0;-0.126047;-0.507543;1.015086;-0.507543;0.126047;0;-0.11777;-0.362401;0.724801;-0.362401;0.11777;0.174533;-0.174533;0;-0.523599;0;0;0;0.174533;0.174533;0;-0.523599;0;0;0;0;0;0;0
0;-0.126442;-0.50815;1.016299;-0.508149;0.126442;0;-0.118094;-0.362299;0.724599;-0.362299;0.118094;0.174533;-0.174533;0;-0.523599;0;0;0;0.174533;0.174533;0;-0.523599;0;0;0;0;0;0;0
0;-0.126749;-0.508622;1.017244;-0.508622;0.126749;0;-0.118346;-0.36222;0.724441;-0.36222;0.118346;0.174533;-0.174533;0;-0.523599;0;0;0;0.174533;0.174533;0;-0.523599;0;0;0;0;0;0;0
0;-0.126969;-0.508961;1.017921;-0.50896;0.126969;0;-0.118526;-0.362164;0.724327;-0.362164;0.118526;0.174533;-0.174533;0;-0.523599;0;0;0;0.174533;0.174533;0;-0.523599;0;0;0;0;0;0;0
0;-0.127101;-0.509164;1.018327;-0.509164;0.127101;0;-0.118634;-0.36213;0.724259;-0.36213;0.118634;0.174533;-0.174533;0;-0.523599;0;0;0;0.174533;0.174533;0;-0.523599;0;0;0;0;0;0;0
0;-0.127145;-0.509232;1.018463;-0.509231;0.127145;0;-0.118671;-0.362118;0.724237;-0.362118;0.118671;0.174533;-0.174533;0;-0.523599;0;0;0;0.174533;0.174533;0;-0.523599;0;0;0;0;0;0;0
0;-0.127145;-0.509232;1.018463;-0.509231;0.127145;0;-0.118671;-0.362118;0.724237;-0.362118;0.118671;0.174533;-0.174533;0;-0.523599;0;0;0;0.174533;0.174533;0;-0.523599;0;0;0;0;0;0;0
0;-0.127145;-0.509232;1.018463;-0.509231;0.127145;0;-0.118671;-0.362118;0.724237;-0.362118;0.118671;0.174533;-0.174533;0;-0.523599;0;0;0;0.174533;0.174533;0;-0.523599;0;0;0;0;0;0;0
0;-0.127145;-0.509232;1.018463;-0.509231;0.127145;0;-0.118671;-0.362118;0.724237;-0.362118;0.118671;0.174533;-0.174533;0;-0.523599;0;0;0;0.174533;0.174533;0;-0.523599;0;0;0;0;0;0;0
0;-0.127145;-0.509232;1.018463;-0.509231;0.127145;0;-0.118671;-0.362118;0.724237;-0.362118;0.118671;0.174533;-0.174533;0;-0.523599;0;0;0;0.174533;0.174533;0;-0.523599;0;0;0;0;0;0;0
0;-0.127145;-0.509232;1.018463;-0.509231;0.127145;0;-0.118671;-0.362118;0.724237;-0.362118;0.118671;0.174533;-0.174533;0;-0.523599;0;0;0;0.174533;0.174533;0;-0.523599;0;0;0;0;0;0;0
0;-0.127145;-0.509232;1.018463;-0.509231;0.127145;0;-0.118671;-0.362118;0.724237;-0.362118;0.118671;0.174533;-0.174533;0;-0.523599;0;0;0;0.174533;0.174533;0;-0.523599;0;0;0;0;0;0;0
0;-0.127145;-0.509232;1.018463;-0.509231;0.127145;0;-0.118671;-0.362118;0.724237;-0.362118;0.118671;0.174533;-0.174533;0;-0.523599;0;0;0;0.174533;0.174533;0;-0.523599;0;0;0;0;0;0;0
0;-0.127145;-0.509232;1.018463;-0.509231;0.127145;0;-0.118671;-0.362118;0.724237;-0.362118;0.118671;0.174533;-0.174533;0;-0.523599;0;0;0;0.174533;0.174533;0;-0.523599;0;0;0;0;0;0;0
0;-0.127145;-0.509232;1.018463;-0.509231;0.127145;0;-0.118671;-0.362118;0.724237;-0.362118;0.118671;0.174533;-0.174533;0;-0.523599;0;0;0;0.174533;0.174533;0;-0.523599;0;0;0;0;0;0;0
0;-0.127145;-0.509232;1.018463;-0.509231;0.127145;0;-0.118671;-0.362118;0.724237;-0.362118;0.118671;0.174533;-0.174533;0;-0.523599;0;0;0;0.174533;0.174533;0;-0.523599;0;0;0;0;0;0;0
0;-0.127145;-0.509232;1.018463;-0.509231;0.127145;0;-0.118671;-0.362118;0.724237;-0.362118;0.118671;0.174533;-0.174533;0;-0.523599;0;0;0;0.174533;0.174533;0;-0.523599;0;0;0;0;0;0;0
0;-0.127145;-0.509232;1.018463;-0.509231;0.127145;0;-0.118671;-0.362118;0.724237;-0.362118;0.118671;0.174533;-0.174533;0;-0.523599;0;0;0;0.174533;0.174533;0;-0.523599;0;0;0;0;0;0;0
0;-0.127141;-0.509168;1.018335;-0.509167;0.127141;0;-0.118671;-0.362118;0.724237;-0.362118;0.118671;0.174533;-0.174533;0;-0.523599;0;0;0;0.174533;0.174533;0;-0.523599;0;0;0;0;0;0;0
0;-0.127127;-0.508976;1.017951;-0.508975;0.127127;0;-0.118671;-0.362118;0.724237;-0.362118;0.118671;0.174533;-0.174533;0;-0.523599;0;0;0;0.174533;0.174533;0;-0.523599;0;0;0;0;0;0;0
0;-0.127104;-0.508656;1.017311;-0.508656;0.127104;0;-0.118671;-0.362118;0.724237;-0.362118;0.118671;0.174533;-0.174533;0;-0.523599;0;0;0;0.174533;0.174533;0;-0.523599;0;0;0;0;0;0;0
0;-0.127073;-0.508209;1.016417;-0.508209;0.127073;0;-0.118671;-0.362118;0.724237;-0.362118;0.118671;0.174533;-0.174533;0;-0.523599;0;0;0;0.174533;0.174533;0;-0.523599;0;0;0;0;0;0;0
0;-0.127032;-0.507635;1.01527;-0.507635;0.127032;0;-0.118671;-0.362118;0.724237;-0.362118;0.118671;0.174533;-0.174533;0;-0.523599;0;0;0;0.174533;0.174533;0;-0.523599;0;0;0;0;0;0;0
0;-0.126982;-0.506935;1.013871;-0.506935;0.126982;0;-0.118671;-0.362118;0.724237;-0.362118;0.118671;0.174533;-0.174533;0;-0.523599;0;0;0;0.174533;0.174533;0;-0.523599;0;0;0;0;0;0;0
0;-0.126924;-0.506111;1.012221;-0.50611;0.126924;0;-0.118671;-0.362118;0.724237;-0.362118;0.118671;0.174533;-0.174533;0;-0.523599;0;0;0;0.174533;0.174533;0;-0.523599;0;0;0;0;0;0;0
0;-0.126857;-0.505162;1.010324;-0.505162;0.126857;0;-0.118671;-0.362118;0.724237;-0.362118;0.118671;0.174533;-0.174533;0;-0.523599;0;0;0;0.174533;0.174533;0;-0.523599;0;0;0;0;0;0;0
0;-0.126781;-0.504091;1.008182;-0.504091;0.126781;0;-0.118671;-0.362118;0.724237;-0.362118;0.118671;0.174533;-0.174533;0;-0.523599;0;0;0;0.174533;0.174533;0;-0.523599;0;0;0;0;0;0;0
0;-0.126698;-0.502899;1.005797;-0.502898;0.126698;0;-0.118671;-0.362118;0.724237;-0.362118;0.118671;0.174533;-0.174533;0;-0.523599;0;0;0;0.174533;0.174533;0;-0.523599;0;0;0;0;0;0;0
0;-0.126606;-0.501587;1.003173;-0.501586;0.126606;0;-0.118671;-0.362118;0.724237;-0.362118;0.118671;0.174533;-0.174533;0;-0.523599;0;0;0;0.174533;0.174533;0;-0.523599;0;0;0;0;0;0;0
0;-0.126506;-0.500157;1.000314;-0.500157;0.126506;0;-0.118671;-0.362118;0.724237;-0.362118;0.118671;0.174533;-0.174533;0;-0.523599;0;0;0;0.174533;0.174533;0;-0.523599;0;0;0;0;0;0;0
0;-0.126399;-0.498611;0.997222;-0.498611;0.126399;0;-0.118671;-0.362118;0.724237;-0.362118;0.118671;0.174533;-0.174533;0;-0.523599;0;0;0;0.174533;0.174533;0;-0.523599;0;0;0;0;0;0;0
0;-0.126285;-0.496952;0.993904;-0.496952;0.126285;0;-0.118671;-0.362118;0.724237;-0.362118;0.118671;0.174533;-0.174533;0;-0.523599;0;0;0;0.174533;0.174533;0;-0.523599;0;0;0;0;0;0;0
0;-0.126163;-0.495181;0.990362;-0.495181;0.126163;0;-0.118671;-0.362118;0.724237;-0.362118;0.118671;0.174533;-0.174533;0;-0.523599;0;0;0;0.174533;0.174533;0;-0.523599;0;0;0;0;0;0;0
0;-0.126035;-0.493302;0.986603;-0.493302;0.126035;0;-0.118671;-0.362118;0.724237;-0.362118;0.118671;0.174533;-0.174533;0;-0.523599;0;0;0;0.174533;0.174533;0;-0.523599;0;0;0;0;0;0;0
0;-0.1259;-0.491316;0.982632;-0.491316;0.1259;0;-0.118671;-0.362118;0.724237;-0.362118;0.118671;0.174533;-0.174533;0;-0.523599;0;0;0;0.174533;0.174533;0;-0.523599;0;0;0;0;0;0;0
0;-0.125759;-0.489226;0.978453;-0.489226;0.125759;0;-0.118671;-0.362118;0.724237;-0.362118;0.118671;0.174533;-0.174533;0;-0.523599;0;0;0;0.174533;0.174533;0;-0.523599;0;0;0;0;0;0;0
0;-0.125612;-0.487037;0.974073;-0.487037;0.125612;0;-0.118671;-0.362118;0.724237;-0.362118;0.118671;0.174533;-0.174533;0;-0.523599;0;0;0;0.174533;0.174533;0;-0.523599;0;0;0;0;0;0;0
0;-0.125459;-0.48475;0.969499;-0.484749;0.125459;0;-0.118671;-0.362118;0.724237;-0.362118;0.118671;0.174533;-0.174533;0;-0.523599;0;0;0;0.174533;0.174533;0;-0.523599;0;0;0;0;0;0;0
0;-0.125217;-0.482389;0.964778;-0.482389;0.125217;0;-0.11859;-0.362144;0.724287;-0.362144;0.11859;0.174533;-0.174533;0;-0.523599;0;0;0;0.174533;0.174533;0;-0.523599;0;0;0;0;0;0;0
0;-0.1248;-0.479979;0.959958;-0.479979;0.1248;0;-0.118349;-0.36222;0.724439;-0.362219;0.118349;0.174533;-0.174533;0;-0.523599;0;0;0;0.174533;0.174533;0;-0.523599;0;0;0;0;0;0;0
0;-0.124211;-0.477523;0.955047;-0.477523;0.124211;0;-0.117947;-0.362345;0.724691;-0.362345;0.117947;0.174533;-0.174533;0;-0.523599;0;0;0;0.174533;0.174533;0;-0.523599;0;0;0;0;0;0;0
0;-0.123452;-0.475026;0.950051;-0.475025;0.123452;0;-0.117386;-0.36252;0.72504;-0.36252;0.117386;0.174533;-0.174533;0;-0.523599;0;0;0;0.174533;0.174533;0;-0.523599;0;0;0;0;0;0;0
0;-0.122525;-0.472489;0.944979;-0.472489;0.122525;0;-0.116667;-0.362743;0.725486;-0.362743;0.116667;0.174533;-0.174533;0;-0.523599;0;0;0;0.174533;0.174533;0;-0.523599;0;0;0;0;0;0;0
0;-0.121434;-0.469918;0.939837;-0.469918;0.121434;0;-0.115793;-0.363012;0.726024;-0.363012;0.115793;0.174533;-0.174533;0;-0.523599;0;0;0;0.174533;0.174533;0;-0.523599;0;0;0;0;0;0;0
0;-0.120181;-0.467316;0.934631;-0.467316;0.120181;0;-0.114765;-0.363325;0.72665;-0.363325;0.114765;0.174533;-0.174533;0;-0.523599;0;0;0;0.174533;0.174533;0;-0.523599;0;0;0;0;0;0;0
0;-0.118772;-0.464685;0.92937;-0.464685;0.118772;0;-0.113586;-0.363681;0.727361;-0.36368;0.113586;0.174533;-0.174533;0;-0.523599;0;0;0;0.174533;0.174533;0;-0.523599;0;0;0;0;0;0;0
0;-0.11721;-0.462029;0.924059;-0.462029;0.11721;0;-0.112259;-0.364076;0.728151;-0.364075;0.112259;0.174533;-0.174533;0;-0.523599;0;0;0;0.174533;0.174533;0;-0.523599;0;0;0;0;0;0;0
0;-0.115501;-0.459352;0.918704;-0.459352;0.115501;0;-0.110788;-0.364508;0.729015;-0.364507;0.110788;0.174533;-0.174533;0;-0.523599;0;0;0;0.174533;0.174533;0;-0.523599;0;0;0;0;0;0;0
0;-0.113648;-0.456657;0.913314;-0.456657;0.113648;0;-0.109177;-0.364973;0.729947;-0.364973;0.109177;0.174533;-0.174533;0;-0.523599;0;0;0;0.174533;0.174533;0;-0.523599;0;0;0;0;0;0;0
0;-0.111659;-0.453947;0.907893;-0.453947;0.111659;0;-0.10743;-0.36547;0.73094;-0.36547;0.10743;0.174533;-0.174533;0;-0.523599;0;0;0;0.174533;0.174533;0;-0.523599;0;0;0;0;0;0;0
0;-0.109538;-0.451225;0.90245;-0.451225;0.109538;0;-0.105552;-0.365995;0.731989;-0.365995;0.105552;0.174533;-0.174533;0;-0.523599;0;0;0;0.174533;0.174533;0;-0.523599;0;0;0;0;0;0;0
0;-0.107292;-0.448494;0.896988;-0.448494;0.107292;0;-0.103547;-0.366543;0.733086;-0.366543;0.103547;0.174533;-0.174533;0;-0.523599;0;0;0;0.174533;0.174533;0;-0.523599;0;0;0;0;0;0;0
0;-0.104927;-0.445758;0.891517;-0.445758;0.104927;0;-0.101421;-0.367112;0.734224;-0.367112;0.101421;0.174533;-0.174533;0;-0.523599;0;0;0;0.174533;0.174533;0;-0.523599;0;0;0;0;0;0;0
0;-0.102451;-0.443021;0.886042;-0.443021;0.102451;0;-0.099179;-0.367698;0.735396;-0.367698;0.099179;0.174533;-0.174533;0;-0.523599;0;0;0;0.174533;0.174533;0;-0.523599;0;0;0;0;0;0;0
0;-0.099869;-0.440285;0.88057;-0.440285;0.099869;0;-0.096829;-0.368298;0.736595;-0.368298;0.096829;0.174533;-0.174533;0;-0.523599;0;0;0;0.174533;0.174533;0;-0.523599;0;0;0;0;0;0;0
0;-0.09719;-0.437554;0.875107;-0.437553;0.09719;0;-0.094375;-0.368907;0.737813;-0.368907;0.094375;0.174533;-0.174533;0;-0.523599;0;0;0;0.174533;0.174533;0;-0.523599;0;0;0;0;0;0;0
0;-0.094421;-0.434831;0.869662;-0.434831;0.094421;0;-0.091825;-0.369522;0.739044;-0.369522;0.091825;0.174533;-0.174533;0;-0.523599;0;0;0;0.174533;0.174533;0;-0.523599;0;0;0;0;0;0;0
0;-0.091569;-0.432121;0.864241;-0.432121;0.091569;0;-0.089186;-0.37014;0.74028;-0.37014;0.089186;0.174533;-0.174533;0;-0.523599;0;0;0;0.174533;0.174533;0;-0.523599;0;0;0;0;0;0;0
0;-0.088643;-0.429426;0.858852;-0.429426;0.088643;0;-0.086464;-0.370757;0.741514;-0.370757;0.086464;0.174533;-0.174533;0;-0.523599;0;0;0;0.174533;0.174533;0;-0.523599;0;0;0;0;0;0;0
0;-0.08565;-0.426751;0.853503;-0.426751;0.08565;0;-0.083667;-0.37137;0.74274;-0.37137;0.083667;0.174533;-0.174533;0;-0.523599;0;0;0;0.174533;0.174533;0;-0.523599;0;0;0;0;0;0;0
0;-0.082598;-0.4241;0.848201;-0.4241;0.082598;0;-0.080803;-0.371975;0.743951;-0.371975;0.080803;0.174533;-0.174533;0;-0.523599;0;0;0;0.174533;0.174533;0;-0.523599;0;0;0;0;0;0;0
0;-0.079497;-0.421478;0.842956;-0.421478;0.079497;0;-0.07788;-0.372571;0.745141;-0.372571;0.07788;0.174533;-0.174533;0;-0.523599;0;0;0;0.174533;0.174533;0;-0.523599;0;0;0;0;0;0;0
0;-0.076354;-0.418888;0.837775;-0.418888;0.076354;0;-0.074905;-0.373153;0.746306;-0.373153;0.074905;0.174533;-0.174533;0;-0.523599;0;0;0;0.174533;0.174533;0;-0.523599;0;0;0;0;0;0;0
0;-0.073177;-0.416334;0.832669;-0.416334;0.073177;0;-0.071886;-0.373719;0.747439;-0.373719;0.071886;0.174533;-0.174533;0;-0.523599;0;0;0;0.174533;0.174533;0;-0.523599;0;0;0;0;0;0;0
0;-0.069976;-0.413823;0.827645;-0.413823;0.069976;0;-0.068832;-0.374268;0.748535;-0.374268;0.068832;0.174533;-0.174533;0;-0.523599;0;0;0;0.174533;0.174533;0;-0.523599;0;0;0;0;0;0;0
0;-0.066758;-0.411358;0.822716;-0.411358;0.066758;0;-0.065752;-0.374796;0.749592;-0.374796;0.065752;0.174533;-0.174533;0;-0.523599;0;0;0;0.174533;0.174533;0;-0.523599;0;0;0;0;0;0;0
0;-0.063532;-0.408945;0.81789;-0.408945;0.063532;0;-0.062653;-0.375302;0.750604;-0.375302;0.062653;0.174533;-0.174533;0;-0.523599;0;0;0;0.174533;0.174533;0;-0.523599;0;0;0;0;0;0;0
0;-0.060307;-0.406589;0.813177;-0.406589;0.060307;0;-0.059545;-0.375784;0.751568;-0.375784;0.059545;0.174533;-0.174533;0;-0.523599;0;0;0;0.174533;0.174533;0;-0.523599;0;0;0;0;0;0;0
0;-0.057091;-0.404295;0.80859;-0.404295;0.057091;0;-0.056435;-0.376241;0.752483;-0.376241;0.056435;0.174533;-0.174533;0;-0.523599;0;0;0;0.174533;0.174533;0;-0.523599;0;0;0;0;0;0;0
0;-0.053893;-0.402069;0.804138;-0.402069;0.053893;0;-0.053333;-0.376673;0.753345;-0.376673;0.053333;0.174533;-0.174533;0;-0.523599;0;0;0;0.174533;0.174533;0;-0.523599;0;0;0;0;0;0;0
0;-0.05072;-0.399917;0.799834;-0.399917;0.05072;0;-0.050247;-0.377077;0.754153;-0.377077;0.050247;0.174533;-0.174533;0;-0.523599;0;0;0;0.174533;0.174533;0;-0.523599;0;0;0;0;0;0;0
0;-0.04758;-0.397844;0.795689;-0.397844;0.04758;0;-0.047186;-0.377454;0.754907;-0.377453;0.047186;0.174533;-0.174533;0;-0.523599;0;0;0;0.174533;0.174533;0;-0.523599;0;0;0;0;0;0;0
0;-0.044483;-0.395857;0.791714;-0.395857;0.044483;0;-0.044157;-0.377802;0.755605;-0.377802;0.044157;0.174533;-0.174533;0;-0.523599;0;0;0;0.174533;0.174533;0;-0.523599;0;0;0;0;0;0;0
0;-0.041436;-0.393961;0.787922;-0.393961;0.041436;0;-0.04117;-0.378124;0.756247;-0.378123;0.04117;0.174533;-0.174533;0;-0.523599;0;0;0;0.174533;0.174533;0;-0.523599;0;0;0;0;0;0;0
0;-0.038446;-0.392163;0.784325;-0.392162;0.038446;0;-0.038233;-0.378417;0.756834;-0.378417;0.038233;0.174533;-0.174533;0;-0.523599;0;0;0;0.174533;0.174533;0;-0.523599;0;0;0;0;0;0;0
0;-0.035522;-0.390467;0.780934;-0.390467;0.035522;0;-0.035353;-0.378684;0.757367;-0.378684;0.035353;0.174533;-0.174533;0;-0.523599;0;0;0;0.174533;0.174533;0;-0.523599;0;0;0;0;0;0;0
0;-0.03267;-0.388881;0.777762;-0.388881;0.03267;0;-0.032539;-0.378924;0.757847;-0.378924;0.032539;0.174533;-0.174533;0;-0.523599;0;0;0;0.174533;0.174533;0;-0.523599;0;0;0;0;0;0;0
0;-0.029898;-0.38741;0.77482;-0.38741;0.029898;0;-0.029799;-0.379138;0.758276;-0.379138;0.029799;0.174533;-0.174533;0;-0.523599;0;0;0;0.174533;0.174533;0;-0.523599;0;0;0;0;0;0;0
0;-0.027214;-0.38606;0.77212;-0.38606;0.027214;0;-0.02714;-0.379328;0.758656;-0.379328;0.02714;0.174533;-0.174533;0;-0.523599;0;0;0;0.174533;0.174533;0;-0.523599;0;0;0;0;0;0;0
0;-0.024622;-0.384837;0.769674;-0.384837;0.024622;0;-0.024569;-0.379495;0.75899;-0.379495;0.024569;0.174533;-0.174533;0;-0.523599;0;0;0;0.174533;0.174533;0;-0.523599;0;0;0;0;0;0;0
0;-0.022131;-0.383745;0.76749;-0.383745;0.022131;0;-0.022095;-0.37964;0.759279;-0.37964;0.022095;0.174533;-0.174533;0;-0.523599;0;0;0;0.174533;0.174533;0;-0.523599;0;0;0;0;0;0;0
0;-0.019746;-0.38279;0.76558;-0.38279;0.019746;0;-0.019722;-0.379764;0.759528;-0.379764;0.019722;0.174533;-0.174533;0;-0.523599;0;0;0;0.174533;0.174533;0;-0.523599;0;0;0;0;0;0;0
0;-0.017474;-0.381977;0.763953;-0.381976;0.017474;0;-0.017459;-0.37987;0.759739;-0.379869;0.017459;0.174533;-0.174533;0;-0.523599;0;0;0;0.174533;0.174533;0;-0.523599;0;0;0;0;0;0;0
0;-0.01532;-0.381309;0.762618;-0.381309;0.01532;0;-0.015311;-0.379958;0.759915;-0.379958;0.015311;0.174533;-0.174533;0;-0.523599;0;0;0;0.174533;0.174533;0;-0.523599;0;0;0;0;0;0;0
0;-0.013289;-0.380792;0.761583;-0.380792;0.013289;0;-0.013285;-0.38003;0.76006;-0.38003;0.013285;0.174533;-0.174533;0;-0.523599;0;0;0;0.174533;0.174533;0;-0.523599;0;0;0;0;0;0;0
0;-0.011387;-0.380428;0.760856;-0.380428;0.011387;0;-0.011385;-0.380089;0.760178;-0.380089;0.011385;0.174533;-0.174533;0;-0.523599;0;0;0;0.174533;0.174533;0;-0.523599;0;0;0;0;0;0;0
0;-0.009618;-0.38022;0.76044;-0.38022;0.009618;0;-0.009617;-0.380135;0.760271;-0.380135;0.009617;0.174533;-0.174533;0;-0.523599;0;0;0;0.174533;0.174533;0;-0.523599;0;0;0;0;0;0;0
0;-0.007987;-0.380171;0.760342;-0.380171;0.007987;0;-0.007987;-0.380171;0.760342;-0.380171;0.007987;0.174533;-0.174533;0;-0.523599;0;0;0;0.174533;0.174533;0;-0.523599;0;0;0;0;0;0;0
0;-0.006498;-0.380198;0.760396;-0.380198;0.006498;0;-0.006498;-0.380198;0.760396;-0.380198;0.006498;0.174533;-0.174533;0;-0.523599;0;0;0;0.174533;0.174533;0;-0.523599;0;0;0;0;0;0;0
0;-0.005154;-0.380218;0.760436;-0.380218;0.005154;0;-0.005154;-0.380218;0.760436;-0.380218;0.005154;0.174533;-0.174533;0;-0.523599;0;0;0;0.174533;0.174533;0;-0.523599;0;0;0;0;0;0;0
0;-0.00396;-0.380231;0.760463;-0.380231;0.00396;0;-0.00396;-0.380231;0.760463;-0.380231;0.00396;0.174533;-0.174533;0;-0.523599;0;0;0;0.174533;0.174533;0;-0.523599;0;0;0;0;0;0;0
0;-0.002918;-0.38024;0.760481;-0.38024;0.002918;0;-0.002918;-0.38024;0.760481;-0.38024;0.002918;0.174533;-0.174533;0;-0.523599;0;0;0;0.174533;0.174533;0;-0.523599;0;0;0;0;0;0;0
0;-0.002031;-0.380246;0.760492;-0.380246;0.002031;0;-0.002031;-0.380246;0.760492;-0.380246;0.002031;0.174533;-0.174533;0;-0.523599;0;0;0;0.174533;0.174533;0;-0.523599;0;0;0;0;0;0;0
0;-0.001303;-0.380249;0.760498;-0.380249;0.001303;0;-0.001303;-0.380249;0.760498;-0.380249;0.001303;0.174533;-0.174533;0;-0.523599;0;0;0;0.174533;0.174533;0;-0.523599;0;0;0;0;0;0;0
0;-0.000734;-0.38025;0.760501;-0.38025;0.000734;0;-0.000734;-0.38025;0.760501;-0.38025;0.000734;0.174533;-0.174533;0;-0.523599;0;0;0;0.174533;0.174533;0;-0.523599;0;0;0;0;0;0;0
0;-0.000327;-0.380251;0.760502;-0.380251;0.000327;0;-0.000327;-0.380251;0.760502;-0.380251;0.000327;0.174533;-0.174533;0;-0.523599;0;0;0;0.174533;0.174533;0;-0.523599;0;0;0;0;0;0;0
0;-0.000082;-0.380251;0.760502;-0.380251;0.000082;0;-0.000082;-0.380251;0.760502;-0.380251;0.000082;0.174533;-0.174533;0;-0.523599;0;0;0;0.174533;0.174533;0;-0.523599;0;0;0;0;0;0;0
0;0;-0.380251;0.760502;-0.380251;0;0;0;-0.380251;0.760502;-0.380251;0;0.174533;-0.174533;0;-0.523599;0;0;0;0.174533;0.174533;0;-0.523599;0;0;0;0;0;0;0
